ID,Parent ID,Subject,Arabic Subject
1,,Qurʾan: exegesis,قرآن: تفسير
2,,Qurʾan: sciences of,قرآن: علوم القرآن
3,,jurisprudence / belief: theology,فقه / عقيدة: توحيد
4,,science: chemistry,علوم: كيمياء
5,,diverse,متعدد
6,,hadith: sciences of: narration,حديث: علم الحديث: رواية
7,,Arabic language: grammar,لغة عربية: نحو
8,,literature: rhetoric,أدب: بلاغة
9,,Arabic language: morphology,لغة عربية: صرف
10,,Arabic language: lexicon,لغة عربية: معجم
11,,Arabic language: lexicon: dictionary,لغة عربية: معجم: حل رموز
12,,Arabic language,لغة عربية
13,,Arabic language: morphology: etymology,لغة عربية: صرف: إشتقاق
14,,Arabic language: grammar: conundrums,لغة عربية: نحو: ألغاز
15,,hadith: sciences of,حديث: علم الحديث
16,,jurisprudence,فقه
17,,jurisprudence: adjudication: judgements,فقه: قضاء: أحكام
18,,hadith: selections: diverse,حديث: مختارات متعدد
19,,Arabic language: morphology: triliteral verb,لغة عربية: صرف: فعل ثلاثي
20,,Qurʾan: sciences of: inimitability,قرآن: علوم القرآن: إعجاز
21,,Qurʾan: sciences of: abrogation,قرآن: علوم القرآن: ناسخ و منسوخ
22,,Qurʾan: sciences of: allegorical verses,قرآن: علوم القرآن: متشابه
24,,Qurʾan: orthography,قرآن: إملاء
25,,Qurʾan: recitation: articulation,قرآن: تجويد: مخارج الحروف
26,,Qurʾan: recitation: the Ten Reciters,قرآن: تجويد: القراءت العشرة
27,,Qurʾan: recitation,قرآن: تجويد
28,,literature: collection:  ʿAbd al-Wadūd b. Hammīh (al-Abyayrī),أدب: مجموع: عبد الودود بن حميه
29,,Qurʾan: recitation: the Seven Reciters,قرآن: تجويد: القراءت السبعة
30,,education: license,تربية: إجازة
31,,literature: stories: concubine,أدب: قصص: جارية
32,,"Qurʾan: recitation: articulation: the letter ""jim""",قرآن: تجويد: مخارج الحروف: الجيم
33,,Qurʾan: exegesis: the Opening,قرآن: تفسير: الفاتحة
34,,Qurʾan: recitation: Imam Nafiʿ,قرآن: تجويد: الإمام نافع
35,,Arabic language: philology,لغة عربية: علم اللغة
36,,literature: proverbs,أدب: أمثال
37,,jurisprudence: duties: hajj,فقه: عبادات: حج
38,,history: Mauritania: tribes: Samasid,تاريخ: موريتانية: قبائل: سماسد
39,,history: Maghrib: Fas,تاريخ: المغرب: فاس
40,,history: Maghrib: Idrisids,تاريخ: المغرب: ملوك الادارسة
41,,history: Maghrib: rulers,تاريخ: المغرب: ملوك
42,,jurisprudence: adjudication,فقه: قضاء
43,,jurisprudence: problems,فقه: مسائل
44,,jurisprudence: duties: prayer,فقه: عبادات: صلاة
45,,devotional: attributes of the Prophet,تحنث: شمائل نبوية
46,,"literature: pre-Islamic poetry:  ʻAmr ibn Mālik al-Azdī, ""Shanfara""","أدب: جاهلي: عمرو بن مالك الازدي ""الشنفري"""
47,,literature,أدب
48,,hadith: Malik,حديث: مالك
49,,hadith: collection,حديث: تدوين
50,,jurisprudence: principles,فقه: أصول
51,,hadith: al-Bukhari,حديث: البخاري
52,,jurisprudence: principles: law-schools: Maliki,فقه: أصول: مذاهب: مالكية
53,,Arabic language: rhetoric: semantics,لغة عربية: بلاغة: معان
54,,literature: pre-Islamic poetry (Jāhalī),أدب: شعر جاهلي
55,,literature: poetry: collection: Ghaylān,أدب: ديوان: غيلان
56,,Prophet Muhammad,سيرة نبوية
57,,belief: Prophet Muhammad: names,عقيدة: سيرة نبوية: أسماء
58,,belief: heresy,عقيدة: بدعة
59,,biography: collective: ʿulamāʾ: of Fās,تراجم: جماعية: علماء: فاس
60,,hadith,حديث
61,,hadith: sciences of: terminology,حديث: علم الحديث: مصطلح
62,,hadith: sciences of: pre-Islamic people,حديث: علم الحديث: أهل الآثار
64,,hadith: sciences of: principles,حديث: علم الحديث: أصول
65,,hadith: sciences of: isnad (chain of authority),حديث: علم الحديث: إسناد
67,,biography: Ahmad ibn Hanbal,تراجم: أحمد ابن حنبل
68,,hadith: sciences of: types,حديث: علم الحديث: أنواع
69,,devotional: praise of hadith,تحنث: مدح علم الحديث
70,,Sufism,تصوف
71,,belief: debate,عقيدة: مناظرة
72,,biography: collective: mystics,تراجم: جماعية: متصوفة
73,,jurisprudence: diverse,فقه: متعدد
74,,belief: theology: names of Allah,عقيدة: توحيد: أسماء الله الحسني
75,,jurisprudence: inheritance,فقه: ميراث
76,,jurisprudence: principles: law-schools: Shafiʿi,فقه: أصول: مذاهب: شافعية
77,,biography: collective: ʿulamāʾ: Maliki,تراجم: جماعية: علماء: مالكيون
78,,belief,عقيدة
79,,genealogy,أنساب
80,,biography: collective: ʿulamāʾ,تراجم: جماعية: علماء
81,,jurisprudence: duties: zakat,فقه: عبادات: زكاة
82,,Sufism: counsel / exhortation,تصوف : وعظ وإرشاد
84,,science: zoology: animal stories,علوم: حيوان: قصة
85,,belief: theology,عقيدة: توحيد
86,,history: Maghrib: Marrakash,تاريخ: المغرب: مراكش
87,,medicine: Prophetic,طب: نبوي
88,,logic,منطق
89,,Sufism: intercession,تصوف: توسل
90,,jurisprudence: marriage: child-raising: puberty (duties concerning),فقه: نكاح: حضانة: بلوغ
91,,belief: theology: profession of faith,عقيدة: توحيد: كلمة الشهادة
93,,literature: poetry: collection: ʿAbd al-Raḥīm al-Buraʿī,أدب: ديوان: البرعي
94,,devotional: praise of the Prophet,تحنث: مدح النبي
95,,jurisprudence: marriage: manners,فقه: نكاح: آداب
96,,Prophet Muhammad: campaigns,سيرة نبوية: غزوات
97,,jurisprudence: transactions: sales,فقه: معاملات: بيوع
98,,jurisprudence / belief,فقه / عقيدة
100,,devotional: prayer to the Prophet,تحنث: صلاة علي النبي
101,,literature: eulogy: eminent Egyptians,أدب: مدح: أعيان مصريين
102,,science: arithmetic: calculating time,علوم: حساب: حساب الزمن
103,,jurisprudence: sanctions: punishments,فقه: عقوبات: حدود
104,,hadith: sciences of: obscure hadith,حديث: علم الحديث: غريب الحديث
105,,hadith: Nawawiyya,حديث: النووية
106,,Prophet Muhammad: campaigns / history: early years of Islam: Khalifs,سيرة نبوية: غزوات / تاريخ: سلف: خلفاء والراشدون
107,,Prophet Muhammad: companions,سيرة نبوية: صحابة
108,,ethics: spiritual counsel,أخلاق: إرشاد
109,,science: arithmetic,علوم: حساب
110,,ethics: good deeds,أخلاق: مكارم
111,,science: human body,علوم: جسم الانسان
112,,economy: taxation,إقتصاد: ضرائب الدولة
113,,Prophet Muhammad: hijra,سيرة نبوية: هجرة
115,,literature: stories: hunting,أدب: قصص: صيد
117,,literature: diverse,أدب: متعدد
119,,devotional: praise to muhajirin (the Habasha),تحنث: مدح المهاجرين (الحبشة)
120,,history: events: death dates,تاريخ: حوادث: وفيات
121,,jurisprudence: lawful & unlawful: singing,فقه: الحلال والحرام: غناء
122,,Prophet Muhammad: wives,سيرة نبوية: أزواج النبي
123,,genealogy: Sharifian,أنساب: شرفاء
124,,Prophet Muhammad: death,سيرة نبوية: وفاة النبي
125,,jurisprudence: principles: ijtihad,فقه: أصول: إجتهاد
126,,jurisprudence: marriage: conditions for,فقه: نكاح: شروط
128,,literature: qaṣida / prosody,أدب: قصيدة / عروض
129,,science: astronomy,علوم: فلك
130,,biography: al-Sanusi,تراجم: السنوسي
131,,literature: proverbs (& narratives),أدب: أمثال (وقصص)
132,,Sufism: biography: ʿAbd al-Qadir al-Jaylānī,تصوف: تراجم: عبد القادر الجيلاني
133,,Sufism: maxims,تصوف: حكم
134,,jurisprudence: marriage,فقه: نكاح
135,,Sufism: repentance,تصوف: توبة
136,,Arabic language / belief,لغة عربية / عقيدة
137,,belief: theology: creation of world,عقيدة: توحيد: حدوث العالم
138,,literature: poetry: collection (dīwān),أدب: ديوان
139,,politics: administration,سياسة: إدارة
140,,jurisprudence / hadith: diverse,فقه / حديث: متعدد
141,,politics,سياسة
142,,Sufism: seclusion,تصوف: خلوة
143,,belief / Sufism,عقيدة / تصوف
144,,Sufism: tomb visitation,تصوف: زيارة
145,,politics: counsel,سياسة: شورى
146,,belief: Mahdism,عقيدة: المهدية
147,,belief: exhortation,عقيدة: وعظ
148,,Sufism: student-shaykh relations,تصوف: علاقات الشيخ بمريديه
149,,politics: conflict settlement,سياسة: مصالحة
150,,history: Mauritania: tribes: Kunta / Idaw al-Hajj,تاريخ: موريتانية: قبائل: كنته / ايدوالحاج
151,,"Sufism: creation, wonders of",تصوف: معجزة الخلق
152,,ethics: apology,أخلاق: اعتذار
153,,jurisprudence: lawful & unlawful: stimulants,فقه: الحلال والحرام: مكيفات
154,,Sufism: dhikr,تصوف: ذكر
156,,Sufism: hagiography: Sidi al-Mukhtar al-Kunti,تصوف: مناقب: سيد المختار الكنتي
157,,politics: settlement: zawaya and hassan,سياسة: مصالحة: الزوايا وحسان
158,,jurisprudence: sanctions: bribery,فقه: عقوبات: رشوة
159,,science: classifications,علوم: تصنيفات
161,,literature: poetry: collection: ʿUmar b. Abī Rābiʿa (al-Makhzūmī al-Qurashī),أدب: ديوان: عمر بن أبي ربيعة
162,,literature: poetry: collection: Mḥammad b. Aḥmad Yura al-Daymānī,أدب: ديوان: امحمد بن أحمد يوره الديماني
163,,literature: study of: poets,أدب: دراسة: شعراء
164,,literature: prosody,أدب: عروض
165,,biography: Abu al-Mahasin,تراجم: أبو المحاسن
166,,literature: eulogy/praise,أدب: مدح
167,,devotional: prayer for rain,تحنث: إستسقاء
168,,Sufism: supplication: litanies,تصوف: أدعية: أوراد
169,,literature: poetry: collection: Ibn al-Fāriḍ,أدب: ديوان: ابن الفارض
170,,Sufism: Ibn al-Farid,تصوف: ابن الفارض
171,,jurisprudence: transactions: sales: compensation,فقه: معاملات: بيوع: تعويض
173,,jurisprudence: transactions: sales: usury,فقه: معاملات: بيوع: ربا
174,,ethics: arrogance,أخلاق: كبر
176,,jurisprudence / Sufism,فقه / تصوف
177,,history: Mauritania: tribes: Hassan,تاريخ: موريتانية: قبائل: حسان
178,,history: Maghrib: Tilimsan: Banu Zayyan,تاريخ: المغرب: تلمسان: بنو زيان
179,,education: teaching,تربية: تعليم
180,,"jurisprudence: transactions: wealth, redistribution by force",فقه: معاملات: اعادة توزيع الثروة
181,,literature: elegy,أدب: رثاء
182,,devotional: intercession,تحنث: توسل
183,,Sufism: asceticism,تصوف: زهد
185,,"belief: theology: Allah, proofs of existence",عقيدة: توحيد: وجود الخالق
186,,Qurʾan / hadith,قرآن / حديث
187,,jurisprudence: problems: homes as mosques / ritual purity,فقه: مسائل: اتخاذ البيوت مساجد / طهارة
188,,jurisprudence: lawful & unlawful: womenʾs hairpieces,فقه: الحلال والحرام: وصل الشعر
189,,jurisprudence: adjudication: legal opinions: fasting/ritual purity,فقه: قضاء: فتاوي: صوم الجمعة/طهارة
190,,history: Mauritania: tribes: Idawʿish / Mashzhuf,تاريخ: موريتانية: قبائل: ادوعيش / مشظوف
191,,jurisprudence: duties: purification / prayer / supplications,فقه: عبادات: طهارة / صلاة / أدعية
192,,jurisprudence: marriage: wedding celebration,فقه: نكاح: حفلة العرس
194,,jurisprudence: transactions: land ownership,فقه: معاملات: ملك الأرض
195,,jurisprudence: duties: fasting: moon-sighting,فقه: عبادات: صوم: رؤية الهلال
196,,conduct: eating etiquette,آداب أطعمة
197,,literature: poetry: collection: Sidiyya b. al-Mukhtār b. al-Hayba al-Intishāʾ ī,أدب: ديوان: سيدي الكبير
198,,conduct: respect for parents,آداب: بر الوالدين
199,,conduct: in mosques,آداب: في المساجد
200,,jurisprudence: duties: charity,فقه: عبادات: صدقة
201,,literature: study of: gatherings for literary study,أدب: دراسة: مجالس
202,,jurisprudence: problems: rulers: & not associating with,فقه: مسائل: النهي عن مخالطة السلطان
203,,ethics: condolences,أخلاق: مواساة
204,,jurisprudence: problems: sales / marriage (analogy of illegal kinds),فقه: مسائل: بيوع / نكاح
205,,"jurisprudence: sanctions: grazing, unsupervised",فقه: عقوبات: ضوال
207,,jurisprudence: sanctions: magic,فقه: عقوبات: سحر
208,,"belief: unbelief, accusations of: Banu Hassan",عقيدة: تكفير: بنو حسان
210,,science: astronomy: calendar: Julien months,علوم: فلك: تقويم: شهور العجمية
212,,belief: theology: Divine attributes,عقيدة: توحيد: صفات الله
213,,jurisprudence: transactions: sales: contracts,فقه: معاملات: بيوع: عقود
214,,jurisprudence: duties: zakat (debate),فقه: عبادات: زكاة (محاوقة)
215,,literature: eulogy: Muhammad Salim al-Majlisi,أدب: مدح: محمد سالم المجاسي
216,,history,تاريخ
217,,history: Mauritania: tribes: IdawʿAli,تاريخ: موريتانية: قبائل: ادوعلي
218,,economy: religious gifts,إقتصاد: هدايا
219,,biography: Ibn Matali,تراجم: ابن متالي
220,,genealogy: Mauritania: Idabilhasan,أنساب: موريتانيا: ادابلحسن
221,,literature: stories: Kisraʾs palace,أدب: قصص: ايوان كسري
222,,belief: theology: death: angelsʾ questions,عقيدة: توحيد: الموت: سؤال الملكين
223,,education: education for girls,تربية: تعليم البنات
226,,history: events,تاريخ: حوادث
227,,jurisprudence: marriage: breastfeeding,فقه: نكاح: رضاع
228,,conduct: travel,آداب: السفر
229,,jurisprudence: principles: debate,فقه: أصول: مناظرة
230,,history: Mauritania: al-baydan: customs,تاريخ: موريتانية: البيضان: تقاليد
231,,history: historiography,تاريخ: إشتقاق
233,,jurisprudence: sanctions: apostasy,فقه: عقوبات: ردة
234,,literature: rihla / travel (& history of ʿulamaʾ),أدب: رحلات (وتاريخ علماء)
235,,jurisprudence: duties: prayer: shortened,فقه: عبادات: صلاة: قصر
236,,belief: Prophet Muhammad,عقيدة: النبي محمد
237,,literature: study of: writers,أدب: دراسة: أدباء
238,,jurisprudence: adjudication: injustice,فقه: قضاء:  مظالم
239,,education: chain of authority: Qadiriyya,تربية: سلسلة: قادرية
241,,encyclopedia,موسوعة
242,,jurisprudence: duties: jihad,فقه: عبادات: جهاد
243,,belief: theology: incarnation,عقيدة: توحيد: الحلول والاتحاد
244,,jurisprudence / hadith,فقه / حديث
245,,belief: eschatology,عقيدة: علوم الآخرة
246,,jurisprudence: adjudication: legal opinions,فقه: قضاء: فتاوي
248,,jurisprudence: duties,فقه: عبادات
249,,Arabic language: calligraphy,لغة عربية: فن الخط
250,,economy: redemption,إقتصاد: فداء
251,,economy: division of assets,إقتصاد: تقسيم أموال
252,,jurisprudence: sanctions: murder (accidental),فقه: عقوبات: دية/قصاص (غير متعمد)
253,,economy: assistance: blood money,إقتصاد: إعانة: دية
255,,economy: land/well ownership,إقتصاد: ملك الأرض البئر
256,,jurisprudence: transactions: payment for talismans,فقه: معاملات: تعاطي الأجر علي الرقية
257,,literature: ghazal (love poetry),أدب: غزل
258,,literature: eulogy: Sīdiyya b. al-Mukhtār b. al-Hayba (al-Intishāʾī),أدب: مدح: سيدي الكبير
260,,bibliography,ببليوغرافيا
262,,jurisprudence: duties: jihad: tribute,فقه: عبادات: جهاد: جزية
263,,libraries: book lending,مكتبات: اعارة الكتب
265,,devotional: invocation,تحنث: أدعية
266,,economy,إقتصاد
267,,jurisprudence: sanctions: for causing injury/death,فقه: عقوبات: دية
268,,jurisprudence: sanctions: retaliation,فقه: عقوبات: قصاص
269,,jurisprudence: problems: penance,فقه: مسائل: كفارات
270,,jurisprudence:  transactions: sales: commercial enterprise,فقه: معاملات: بيوع: شركة
271,,jurisprudence: marriage: reconciliation,فقه: نكاح: اصلال
272,,"jurisprudence: marriage: reconciliation (illegal, post-divorce: tahlil)",فقه: نكاح: تحليل
273,,jurisprudence: marriage: chastity,فقه: نكاح: عفة
274,,jurisprudence: duties: purification: ablution,فقه: عبادات: طهارة: وضوء
275,,jurisprudence: duties: purification: ritual purity,فقه: عبادات: طهارة
276,,"ethics: animals, treatment of",أخلاق: الرفق بالحيوان
277,,jurisprudence: sanctions: murder (premeditated & accidental),فقه: عقوبات: دية/قصاص (عمد وخطأ)
279,,literature: study of: writing,أدب: دراسة: من الشعر
280,,jurisprudence: marriage: proxy,فقه: نكاح: توكيل
281,,jurisprudence: duties: zakat (gold & silver),فقه: عبادات: زكاة دهب وفضة)
282,,jurisprudence: transactions: custody of children (nurturing),فقه: معاملات: حضانة (الصغير)
283,,jurisprudence: problems: testimony (by oathing),فقه: مسائل: قسامة
284,,jurisprudence: marriage: property of wife,فقه: نكاح: مال الزوجة
285,,jurisprudence: problems: sales / prayer at funerals,فقه: مسائل: بيوع / صلاة علي الجنازة
287,,history: Mauritania: tribes: Awlad Ahmad b. Daman,تاريخ: موريتانية: قبائل: اولاد أحمد بن دامن
288,,history: events: at wells,تاريخ: حوادث :وقائع آبار
289,,"belief: theology: hell, eternity of torture in",عقيدة: توحيد: خلود الكفار في النار
292,,jurisprudence: lawful & unlawful: diverse,فقه: الحلال والحرام: متعدد
295,,jurisprudence: adjudication: proof,فقه: قضاء: إقامة البينة
297,,biography: Yahya b. Ahmad Fal,تراجم: يحيي بن أحمد فال
300,,jurisprudence: transactions: division of assets,فقه: معاملات: تقسيم أموال
301,,jurisprudence: marriage: waiting period for,فقه: نكاح: عدة
302,,Arabic language: rhetoric: style,لغة عربية: بلاغة: أسلوب
303,,jurisprudence: marriage: paternity,فقه: نكاح: لقطاء
304,,biography: Ibn ʿAmir,تراجم: ابن عامر
305,,jurisprudence:  transactions: gifts (irrevocable & qualified),فقه: معاملات: هبات (العمري والرقبي)
306,,jurisprudence: lawful & unlawful: talismans (use of),فقه: الحلال والحرام: رقي
307,,jurisprudence: duties: zakat (al-fitr),فقه: عبادات: زكاة (الفطر)
308,,jurisprudence: problems: gifts / charity / paternity,فقه: مسائل: هدايا / صدقة / استلحاق
309,,jurisprudence: transactions: pensions,فقه: معاملات: معاشات
311,,esoteric sciences: dream interpretation,باطنيات: رؤية
312,,jurisprudence: duties: purification: disposal of dead animals,فقه: عبادات: طهارة: احراق الجيف
313,,jurisprudence: lawful & unlawful: food: wild animals,فقه: الحلال والحرام: أكل: لحوم الخيل
315,,jurisprudence: lawful & unlawful: veiling,فقه: الحلال والحرام: ستر العورة
316,,jurisprudence: duties: prayer: voluntary,فقه:عبادات: صلااة: التطوع
317,,politics: theory of government: rulers: & succession,سياسة: أحكام سلطانية :خلافة
318,,jurisprudence: transactions: monopoly (warning against),فقه: معاملات: إحتكار
319,,"jurisprudence: adjudication: coercion, use of",فقه: قضاء:  اكراه
320,,jurisprudence: transactions: sales: surety,فقه: معاملات: بيوع: ضمان
322,,"jurisprudence: marriage: concubines, treatment of",فقه: نكاح: سراري
323,,jurisprudence: sanctions: espionage,فقه: عقوبات: جاسوسية
325,,jurisprudence: duties: prayer: eclipse,فقه: عبادات: صلاة: كسوف
326,,politics: theory of government: rulers: & subjects,سياسة: أحكام سلطانية: رعاة ورعية
327,,jurisprudence: duties: prayer: leading prayer,فقه: عبادات: صلاة: إمامة
328,,jurisprudence: duties: prayer: & funerals,فقه: عبادات: صلاة: الجنازة
329,,politics: theory of government: imamate,سياسة: أحكام سلطانية: إمامة
330,,jurisprudence: duties: prayer: & funerals (for suicide victims),فقه: عبادات: صلاة: الجنازة (المنتحر)
331,,jurisprudence: problems: grave digging,فقه: مسائل: نبش القبور
332,,"jurisprudence: sanctions: violence, use of",فقه: عقوبات: عنف
333,,"jurisprudence: duties: jihad: booty, slave women",فقه: عبادات: جهاد: جزية  أنفال، ايماء
334,,jurisprudence: principles: law-schools,فقه: أصول: مذاهب
335,,jurisprudence: duties: prayer: performance,فقه: عبادات: صلاة: أداء
336,,jurisprudence: problems: rulers: & judicary,فقه: مسائل: ملوك وقضاة
337,,belief: Prophet Muhammad: companions,عقيدة: النبي محمد: صحابة
338,,biography: collective: the eminent,تراجم: جماعية: أعيان
339,,belief: treatment of People of the Book,عقيدة: معاملة أهل الكتاب
340,,jurisprudence: lawful & unlawful: dress,فقه: الحلال والحرام: لباس
341,,jurisprudence: problems: drumming / fasting / ablution,فقه: مسائل: دفاف / صوم / وضوء
343,,jurisprudence: transactions: striking coin,فقه: معالملات: صك النقود
346,,belief: theology: death: resurrection,عقيدة: توحيد: الموت: بعث
347,,genealogy: pre-Islamic,أنساب: قحطان
348,,Arabic language: phonetics: articulation,لغة عربية: صوتيات: مخارج الحروف
349,,jurisprudence: duties: prayer: timing,فقه: عبادات: صلاة: أوقات
350,,jurisprudence: divorce: in anger,فقه: طلاق: وصف طلاق الغضبان
351,,Qurʾan / hadith: differences between,قرآن / حديث: أوجه الاختلاف
352,,literature: prosody: maqāmāt / rhyme,أدب: عروض: مقامات
353,,Arabic language: diverse,لغة عربية: متعدد
354,,belief / Sufism: adherence to Sunna,عقيدة / تصوف: اعتصام بالسنة
355,,jurisprudence: duties: zakat (cash),فقه: عبادات: زكاة (أوراق نقدية)
356,,jurisprudence: duties: prayer: supplication,فقه: عبادات: صلاة: دعاء
357,,jurisprudence: adjudication: rulers & subjects,فقه: قضاء: سلطانية ورعية
358,,jurisprudence: problems: organ transplant,فقه: مسائل: زرع الأعضاء
359,,jurisprudence: duties: prayer: call to prayer,فقه: عبادات: صلاة: أذان واقامة
360,,jurisprudence: adjudication: testimony,فقه: قضاء: شهادة
362,,biography: collective: the eminent: Mauritanians,تراجم: جماعية: أعيان: موريتانيين
363,,history: Mauritania: Trarza,تاريخ: موريتانية: ترارزة
365,,jurisprudence: marriage: secret,فقه: نكاح: السر
366,,jurisprudence: marriage: temporary,فقه: نكاح: متعة
368,,jurisprudence: duties: purification: blood /  menstration,فقه: عبادات: طهارة: دماء / حياض
369,,literature: parody / satire,أدب: هجاء/ رثاء
370,,Qurʾan: memorization,قرآن: تحفيظ
371,,jurisprudence: adjudication: complaint,فقه: قضاء:  مرافعة
373,,literature / Arabic language,أدب / لغة عربية
374,,politics: request: for protection,سياسة: طلبات: حماية
375,,jurisprudence: transactions: custody of children (orphans),فقه: معاملات: حضانة (يتامى)
376,,conduct: Islamic conventions,آداب: اسلامية
378,,social matters: solidarity,مجتمعية: تضامن
379,,economy: contracts,إقتصاد: عقود
380,,literature: ballad,أدب: قصص شعرية
381,,Prophet Muhammad: delegations,سيرة نبوية: بعثات
382,,jurisprudence: marriage: intercourse (limitations on),فقه: نكاح: جماع (موانع)
383,,history: Mauritania: allegiance (Awlad Abyiri),تاريخ: موريتانية: مبايعة
384,,politics: dissention,سياسة: نزاعات
386,,economy: assistance,إقتصاد: إعانة
388,,economy: assistance: debts,إقتصاد: إعانة: ديون
389,,literature: ancedotes: the Banu Dayman,أدب: نوادر: بني ديمان
390,,literature: conundrums,أدب: ألغاز
391,,Sufism: pseudo-Sufis,تصوف: دجالين
392,,literature: ikhwaniyyat (fraternal ties),أدب: اخوانيات
393,,politics: attestation,سياسة: شهادة
394,,literature: heroism,أدب: حماسة
395,,jurisprudence: lawful & unlawful: singing (& drumming),فقه: الحلال والحرام: غناء (ودفاف)
396,,Sufism: contemplation,تصوف: تدبر
399,,science: chemistry: gunpowder manufacture,علوم: كيمياء: صناعة البارود
400,,jurisprudence: adjudication: legal competence,فقه: قضاء: حجر
402,,"Sufism: dreams, interpretation of",تصوف: رؤية
404,,education: chain of authority & license,تربية: سلسلة اجازة
405,,science: astronomy: calendar: different types (among empires/nations),علوم: فلك: تقويم: اختلافات الامم
407,,esoteric sciences,باطنيات
408,,social matters,مجتمعية
410,,jurisprudence: lawful & unlawful: cemetary visitation,فقه: الحلال والحرام: زيارة القبور
411,,jurisprudence: marriage: ritual purity / prayer,فقه: نكاح: طهارة / صلاة
412,,jurisprudence: duties: zakat / prayer / marriage,فقه: عبادات: زكاة / صلاة / نكاح
413,,esoteric sciences: charms / talismans,باطنيات: رقي/ طلاسم
414,,Sufism: hagiography,تصوف: مناقب
415,,literature: folk tales,أدب: أقاصيص شعبية
416,,jurisprudence: transactions: sales: coercion in,فقه: معاملات: بيوع: مغصوب
417,,jurisprudence: divorce,فقه: طلاق
418,,biography: ʿAli b. al-ʿAbbas,تراجم: علي بن العباس
420,,jurisprudence: problems: surety / charity,فقه: مسائل: ضمان / صدقة
421,,jurisprudence:  transactions: sales: contracts with legally incompetent,فقه: معاملات: بيوع: عقود: حجر
422,,jurisprudence: marriage: oaths,فقه: نكاح: أيمان
423,,jurisprudence: duties: prayer: & travel,فقه: عبادات: صلاة: سفر
424,,jurisprudence: problems: surety / abortion,فقه: مسائل: ضمان / اجهاض
425,,jurisprudence: transactions: custody of children (financial responsibility),فقه: معاملات: حضانة (حجر)
426,,jurisprudence: sanctions: financial penalty,فقه: عقوبات: مالية
427,,"jurisprudence: transactions: debts, settlement of",فقه: معاملات: قضاء الحقوق
428,,Qurʾan / hadith: exegesis,قرآن / حديث: تفسير
429,,science: astronomy: calendar/calculating time,علوم: فلك: تقويم
430,,Qurʾan: invocation,قرآن: أدعية
431,,jurisprudence: transactions: wives / blood-money / charity,فقه: معاملات: نفقة / دية / صدقة
432,,jurisprudence: duties: prayer: dawn,فقه: عبادات: صلاة: الفجر
433,,biography: Ibn ʿArabi,تراجم: ابن عربي
434,,jurisprudence: duties: oaths / zakat,فقه: عبادات: أيمان / زكاة
435,,jurisprudence: duties: zakat / proof,فقه: عبادات: زكاة / حكم بالقرائن
436,,jurisprudence: transactions: retribution / blood money / theft,فقه: معاملات: قصاص / دية / حد السرقة
437,,jurisprudence: marriage: apostasy of partner,فقه: نكاح: ردة أحد الزوجين
438,,biography: Abu Ishaq,تراجم: أبو اسحاق
439,,politics: colonialism: French,سياسة: إستعمار: فرنسي
440,,jurisprudence: problems: supplication / sleep (regulations on),فقه: مسائل: دعاء / النوم
442,,literature: elegy: Sīdi al-Mukhtār al-Kuntī,أدب: رثاء: سيد المختار الكنتي
443,,literature: stories,أدب: قصص
445,,"literature: elegy: Sīdi al-Mukhtār al-Kuntī, wife of",أدب: رثاء: زوجة سيد المختار الكنتي
446,,jurisprudence: duties: purification / surety,فقه: عبادات: طهارة / ضمان
447,,Sufism: piety,تصوف: تقوى
448,,belief / jurisprudence,عقيدة / فقه
449,,biography: Imam Shafiʿi,تراجم: الامام الشافعي
450,,Sufism: origins,تصوف: نشأة
452,,hadith: sciences of: defense of sunna,حديث: علوم الحديث: دفاع عن السنة
454,,literature: stories: truth & falsehood,أدب: قصص: الحق والضلال
455,,literature: elegy: Hārūn b. Bāba (al-Abyayrī al-Intishāʾī),أدب: رثاء: هارون بن باب
456,,Qurʾan: sciences of: conundrums,قرآن: علوم القرآن: ألغاز
457,,belief: theology: Divine ordination (& trust in Allah),عقيدة: توحيد: قدر (وتوكل)
458,,Qurʾan: exegesis: astronomy,قرآن: تفسير: فلك
459,,jurisprudence: transactions: remuneration,فقه: معاملات: جعالة
460,,literature: patriotism,أدب: حب الوطن
461,,literature: riḥla / travel,أدب: رحلات
462,,literature: stories: natural phenomena,أدب: قصص: ظواهر طبيعية
463,,literature: study of: criticism,أدب: دراسة: نقد
464,,biography: Muhammmad ʿAbd b. Saʿid,تراجم: محمد عبد بن سعيد
465,,biography: Jidd b. Muhammad b. Maylud,تراجم: جد بن محمد بن ميلود
468,,jurisprudence: divorce: oath of repudiation,فقه: طلاق: ظهار
469,,jurisprudence: sanctions: retaliation (jihad),فقه: عقوبات: قصاص (الجراح)
471,,politics: allegiance (& condolence),سياسة: مبايعة (وتعزية)
472,,literature: humor,أدب: فكاهة
473,,jurisprudence: divorce: intention of,فقه: طلاق: نية
474,,jurisprudence: divorce: waiting period,فقه: طلاق: عدة
476,,jurisprudence: lawful & unlawful: food: hunting,فقه: الحلال والحرام: أكل: صيد
478,,jurisprudence: divorce: alimony,فقه: طلاق: نفقة
480,,jurisprudence: transactions: sales: commutative contract,فقه: معاملات: بيوع: سلم
481,,Qurʾan: exegesis: piety,قرآن: تفسير: تقوي
482,,jurisprudence: marriage: oaths (by compulsion),فقه: نكاح: أيمان (عذر المكره)
483,,jurisprudence: divorce: custom,فقه: طلاق: عرف
484,,"jurisprudence: marriage: intercourse (illegal, with slaves)",فقه: نكاح: جماع (غير شرعي ، اماء)
485,,jurisprudence: divorce: allegation of adultery,فقه: طلاق: لعان
486,,jurisprudence: lawful & unlawful: food: slaughtering,فقه: الحلال والحرام: أكل: ذكاة الذبح
487,,reform: renewal,تغيير المنكر: تجديد
488,,esoteric sciences: letter magic,باطنيات: حروف
489,,literature: pre-Islamic poetry: Imruʾ al-Qays,أدب: جاهلي: امرؤ القيس
490,,literature: pre-Islamic poetry: ʿAlqama b. ʿAbada,أدب: جاهلي: علقمة
491,,literature: pre-Islamic poetry: ʿAntara b. Shaddād al-ʿAbsī,أدب: جاهلي: عنتر بن شداد العبسي
492,,literature: pre-Islamic poetry: al-Nabigha al-Dhubyani,أدب: جاهلي: النابغة الذبياني
493,,literature: description,أدب: وصف
495,,esoteric sciences: geomancy,باطنيات: خط الرمل
496,,esoteric sciences: guidance,باطنيات: إستخارة
497,,politics: colonialism: British,سياسة: إستعمار: بريطني
498,,jurisprudence: duties: funeral rites,فقه: عبادات: جنازة
499,,esoteric sciences: astrology,باطنيات: تنجيم
500,,ethics: maxims,أخلاق: حكم
502,,belief: Prophet Muhammad: kin,عقيدة: سيرة نبوية: أهل البيت
504,,jurisprudence: duties: ritual purity: slaughtering,فقه: عبادات: طهارة: ذكاة
505,,belief: theology: morals,عقيدة: توحيد: أخلاقيات
506,,ethics: advice,أخلاق: نصائح
508,,esoteric sciences: miscellanea,باطنيات: فوائد
509,,Sufism: orders: Tijaniyya,تصوف: طرق: التجانية
511,,belief: Prophet Muhammad: miracles,عقيدة: سيرة نبوية: معجزات
512,,literature: anecdotes,أدب: نوادر
513,,biography,تراجم
514,,literature: pre-Islamic poetry: Zuhayr b. Abī Sulmā,أدب: جاهلي: زهير بن ابي سلمي
515,,Sufism: orders: Tijaniyya: intercession,تصوف: طوق: تجانية: توسل
517,,Sufism: Ibn al-Fāriḍ: comportment,تصوف: ابن الفارض: سلوك
518,,history: travel,تاريخ: رحلة
519,,jurisprudence: transactions,فقه: معاملات
520,,esoteric sciences: numerology,باطنيات: حساب الجمل
521,,history: early years of Islam: khalifs,تاريخ: سلف: الخلفاء الراشدون
522,,literature: eulogy: Muhammad al-Hajj,أدب: مدح: محمد الحاج
524,,esoteric sciences: divination / casting lots,باطنيات: جفر/ استخارة
525,,esoteric sciences / medicine,باطنيات/ طب
526,,hadith: selections,حديث: مختارات
527,,Sufism: orders: Qadiriyya: sainthood,تصوف: طوق: قادرية: ولاية
528,,Sufism: spiritual tutelage,تصوف: تربية
529,,belief: foundations,عقيدة: أصول
530,,Sufism: orders: Tijaniyya:  polemic,تصوف: طوق: تجانية: جدل
531,,education: merits of learning,تربية: فضائل العلم
532,,esoteric sciences: medicine / miscellanea,باطنيات: طب / فوائد
533,,devotional: supererogatory acts,تحنث: نوافل
534,,Qurʾan: selections,قرآن: مختارات
535,,conduct,آداب
536,,jurisprudence: transactions: major sins,فقه: معاملات: كبائر
538,,hadith: selections: paradise,حديث: مختارات: جنة
539,,reform: Islamic government,تغيير المنكر: ولاية الاسلامية
540,,Sufism: orders: Tijaniyya: counsel,تصوف: طوق: تجانية: وصية
542,,hadith: selections: tobacco,حديث: مختارات: تاب
543,,Arabic language: rhetoric: letter-writing,لغة عربية: بلاغة: ترسل
544,,education: student conduct,تربية: آداب
545,,Sufism: orders: Tijaniyya: praise,تصوف: طوق: تجانية: مدح
546,,history: Nigeria: Sokoto,تاريخ: نيجيريا: سكوتو
547,,medicine: treatment,طب: علاج
548,,Sufism: orders: Tijaniyya: praise: Ahmad al-Tijani,تصوف: طوق: تجانية: مدح: أحمد التجاني
549,,education: curriculum,تربية: منهج
550,,reform: missionism,تغيير المنكر: دعوة
552,,jurisprudence: lawful & unlawful: innovation,فقه: الحلال والحرام: بدعة
553,,Sufism: orders: Qadiriyya,تصوف: طرق: القادرية
554,,Sufism: comportment,تصوف: سلوك
556,,Sufism: hagiography: Ahmad Tijani,تصوف: مناقب: أحمد التجاني
557,,Sufism: sainthood,تصوف: ولاية
560,,Sufism: orders: Tijaniyya: comportment,تصوف: طوق: تجانية: سلوك
562,,Sufism: eulogy: Ibn Nasir al-Darʿi,تصوف: مدح: ابن ناصر الدرعي
563,,jurisprudence: marriage: maintenance,فقه: نكاح: نفقة
564,,history: Nigeria: Kano,تاريخ: نيجيريا: كنو
567,,Qurʾan: text,قرآن: مصحف شريف
568,,conduct: conjugal relations,آداب: جماع
570,,belief: prophets,عقيدة: أنبياء
571,,literature: praise of kola nuts,أدب: مدح: جور
573,,jurisprudence: transactions: with unbelievers,فقه: معاملات: الكفار
574,,belief: exhortation: Psalms,عقيدة: وعظ: الزبور
575,,social matters: condolence,مجتمعية: تعزية
576,,education: chain of authority: Tijaniyya,تربية: سلسلة: تجانية
579,,hadith: Muslim,حديث: مسلم
580,,Sufism: principles,تصوف: قواعد
581,,Sufism / Qurʾan: exegesis,تصوف / قرآن: تفسير
582,,jurisprudence: duties: purification: funeral rites,فقه: عبادات: طهارة: جنانز
586,,hadith: Ahmad b. Hanbal,حديث: احمد بن حنبل
587,,hadith: selections: farming,حديث: مختارات: حراثة
589,,medicine: ophthalmology,طب: عيون
590,,jurisprudence: duties: declaration of intent,فقه: عبادات: نية
591,,politics: judiciary: rulerʾs,سياسة: قضاء: ملوك
592,,literature: pre-Islamic poetry: Tarafa b. alʿAbd,أدب: جاهلي: طرفة بن العبد
596,,social matters: greetings & news,مجتمعية: تحية وإخبار
597,,Sufism: orders: Qadiriyya: eulogy: ʿAbd al-Qadir al-Jaylani,تصوف: طوق: قادرية: مدح: عبد القادر الجيلاني
598,,literature: stories: Mūsa (Moses),أدب: قصص: النبي موسي
599,,Arabic language: rhetoric,لغة عربية: بلاغة
601,,social matters: Nigerian Pilgrim Society Ltd,مجتمعية:
602,,hadith: selections: women,حديث: مختارات: نساء
605,,Sufism: orders: Tijaniyya: hagiography,تصوف: طوق: تجانية: مناقب
606,,hadith: selections: marriage,حديث: مختارات: نكاح
607,,medicine: drugs,طب: عقاقير
608,,education: Azhar University,تربية: جامعة الازهر
609,,jurisprudence: adjudication: legal opinions: sanctions,فقه: قضاء: فتاوي: حدود
610,,literature: eulogy: Gamal ʿAbd al-Nasir,أدب: مدح: جمال عبد الناصر
611,,Sufism: orders: Tijaniyya: elegy,تصوف: طوق: تجانية: رثاء
613,,history: Nigeria: Kano: rulers,تاريخ: نيجيريا: كنو: ملوك
614,,Sufism: orders: Qadiriyya: litanies,تصوف: طوق: قادرية: أوراد
615,,devotional: counsel,تحنث: وصية
617,,Sufism: orders: Tijaniyya: eulogy: Ibrāhīm Niyās al-Kawlakhī,تصوف: طوق: تجانية: مدح: ابراهيم انياس
623,,education: license: Qurʾan,تربية: إجازة: قرآن
624,,history: events: birth dates,تاريخ: حوادث: الولادة
625,,literature: praise of farming,أدب: مدح: حراثة
626,,jurisprudence: duties: prayer: veil,فقه: عبادات: صلاة: سدل
627,,devotional: invocation: kola nuts,تحنث: أدعية: جور
629,,hadith: selections: Divine ordination,حديث: مختارات: قدر
630,,medicine: diet,طب: أطعمة (?)
631,,devotional: supererogatory acts: fasting,تحنث: نوافل: صيام
632,,devotional: intercession: Prophet Muhammad,تحنث: توسل: النبي محمد
634,,Sufism: orders: Zarruqiyya: litany,تصوف: طوق: زروقية: أوراد
635,,belief: debate: people of the Book,عقيدة: مناظرة: أهل الكتاب
636,,hadith: selections: eschatology,حديث: مختارات: علوم الآخرة
638,,hadith: selections: supererogatory acts,حديث: مختارات: نوافل
639,,hadith: selections: wives of the Prophet,حديث: مختارات: أزواج النبي
640,,hadith: selections: invocation,حديث: مختارات: أدعية
642,,literature: elegy: Muḥammad b. ʿAbd al-Muʾmin,أدب: رثاء: محمد بن عبد المؤمن
643,,Prophet Muhammad: events,سيرة نبوية: حوادث
645,,esoteric sciences: secrets (hidden meanings),باطنيات: أسرار
646,,literature: qaṣida,أدب: قصيدة
647,,Sufism: orders: Qadiriyya: intercession,تصوف: طوق: قادرية: توسل
648,,Sufism: orders: ʿArusiyya: counsel,تصوف: طوق: عروسية: وصية
649,,hadith: sciences of: weak hadith,حديث: علوم الحديث: الحديث الضعيف
650,,hadith: selections: ethics,حديث: مختارات: أخلاق
651,,Sufism: orders: Tijaniyya: thaumaturgy: Ibrāhīm Niyās al-Kawlakhī,تصوف: طوق: تجانية: كرامات: ابراهيم انياس
652,,Sufism: orders: Tijaniyya: eulogy: Abu Bakr ʿAtiq,تصوف: طوق: تجانية: مدح: أبو بكر عتيق
653,,Sufism: orders: Tijaniyya: intercession: Ahmad al-Tijani,تصوف: طوق: تجانية: توسل: احمد التجاني
654,,Sufism: orders: Tijaniyya: defense of,تصوف: طوق: تجانية: دفاع عن
657,,jurisprudence / conduct,فقه / آداب
658,,biography: family of ʿUmar Julya,تراجم: آل عمر جلي
660,,Sufism: orders: Tijaniyya: eulogy: Bin-ʿUmar,تصوف: طوق: تجانية: مدح: بنعمر
662,,hadith: selections: prayer,حديث: مختارات: صلاة
663,,Sufism: orders: Tijaniyya: elegy: Muhammad Salagha,تصوف: طوق: تجانية: مرثية: محمد سلغي
664,,jurisprudence: lawful & unlawful,فقه: الحلال والحرام
667,,literature: anecdotes: women and men,أدب: نوادر: النساء والرجال
668,,politics: dissention: Kano,سياسة: نزاعات: كنوا
669,,hadith: selections: adultery,حديث: مختارات: زنا
671,,belief: demons,عقيدة: شياطين
672,,belief: sects: Christians,عقيدة: فرق: المسيحية
673,,Sufism: thaumaturgy: ʿUthman b. Fudi (Usman dan Fodio),تصوف: كرامات: عثمان بن فودي
675,,hadith: selections: religious duties,حديث: مختارات: عبادات
676,,literature: eulogy: Amir Kutu,أدب: مدح: امير كوت
677,,geography: routes,جغرافيا: مسالك
678,,social matters: relationships: women,مجتمعية: علاقات: نساء
679,,Qurʾan: selections: sura al-Hujrat,قرآن: مختارات: سورة الحجرات
680,,jurisprudence: marriage: sermon,فقه: نكاح: خطبة
681,,literature: eulogy: Jibril b. ʿUmar,أدب: مدح: جبريل بن عمر
682,,devotional: supererogatory acts: prayer,تحنث: نوافل: صلاة
683,,jurisprudence: duties: fasting: laylat al-qadr,فقه: عبادات: صيام: ليلة القدر
685,,jurisprudence: duties: prayer: ʿId,فقه: عبادات: صلاة: عيد
686,,devotional: merits of the Companions,تحنث: فضائل الصحابة
689,,belief: exhortation: ʿIsa (Jesus),عقيدة: وعظ: النبي عيسي
690,,literature: stories: ʿIsa (Jesus),أدب: قصص: النبي عيسي
691,,Sufism: orders: Qadiriyya: sainthood: ʿAbd al-Qadir al-Jaylani,تصوف: طوق: قادرية: ولاية: عبد القادر الجيلاني
692,,Sufism: eulogy: ʿUmar b. Abi Bakr ʿAtiq,تصوف: مدح: عمر بن ابي بكر عتيق
694,,literature: eulogy: Aminu Kano,أدب: مدح: امين كنوا
695,,Qurʾan: selections: sura Yasin,قرآن: مختارات: سورة يس
697,,Sufism: orders: Tijaniyya: eulogy: Ḥammāh Allah (al-Tīshītī),تصوف: طوق: تجانية: مدح: حماه الله
698,,jurisprudence: lawful & unlawful: women,فقه: الحلال والحرام: نساء
699,,Qurʾan: exegesis: sura al-Ikhlas,قرآن: تفسير: سورة الاخلاص
701,,Sufism: orders: Qadiriyya: eulogy,تصوف: طوق: قادرية: مدح
705,,conduct: women,آداب: النساء
706,,Sufism: orders: Tijaniyya: stipulations,تصوف: طوق: تجانية: شروط
710,,literature: eulogy: Amir of Kano Sanusi,أدب: مدح: سنوسي أمير كنو
711,,jurisprudence: problems: stimulants: kola,فقه: مسائل: جور
712,,Sufism: orders: Tijaniyya: supplication,تصوف: طوق: تجانية: أدعية
713,,history: Nigeria: Hausaland,تاريخ: نيجيريا: بلاد هوسا
715,,hadith: selections: relations with unbelievers,حديث: مختارات: موالاة الكفار
716,,Qurʾan: orthography: diacritics (vowelization),قرآن: الخط وإملاء: مصحف
718,,Sufism: attachment to God,تصوف: جذب
719,,literature: stories: prophets,أدب: قصص: أنبياء
720,,"literature: eulogy: ʿAbd Allahi, Amir of Kano",أدب: مدح: عبد الله امير كنو
721,,conduct: guidance,آداب: إرشاد
723,,science: zoology: locusts,علوم: حيوان: جراد
725,,jurisprudence: marriage: celebration of newborn,فقه: نكاح: عقيقة
726,,jurisprudence: marriage: certification,فقه: النكاح: عقد
729,,belief: theology: prophecy,عقيدة: توحيد: نبوة
731,,belief: theology: revelation,عقيدة: توحيد: وحي
732,,literature: eulogy: Tijani,أدب: مدح: تجاني
734,,Sufism: orders: Tijaniyya: litany,تصوف: طوق: تجانية: أوراد
735,,Qurʾan: guide,قرآن: دليل
736,,Qurʾan,قرآن
738,,jurisprudence: lawful & unlawful: food,فقه: الحلال والحرم: أكل: شاي
741,,Qurʾan: recitation: reading,قرآن: تجويد: قرآت
742,,literature: eulogy: Kariyagiwa,أدب: مدح: كريغيوا
744,,hadith: selections: ethics: asceticism,حديث: مختارات: أخلاق: زهد
745,,reform: jihad,تغيير المنكر: جهاد
746,,ethics: filial piety,أخلاق: بر الوالدين
747,,ethics: comportment,أخلاق: سلوك
748,,jurisprudence: transactions: profits,فقه: معاملات: كسب
749,,genealogy: Gidado family,أنساب: آل غداد
750,,Sufism: thaumaturgy,تصوف: كرامات
751,,biography: ʿUthman b. Fudi,تراجم: عثمان بن فودي
752,,literature: poetry: collection: Muḥammad Bello,أدب: ديوان: محمد بل
753,,biography: Muhammad Salagha,تراجم: محمد سلغا
754,,biography: Mahmud b al-Hassan,تراجم: محمود بن الحسن
755,,Arabic language: grammar: primer,لغة عربية: نحو: قواعد
756,,Sufism: orders: Tijaniyya: tutelage,تصوف: طوق: تجانية: تربية
757,,Sufism: thaumaturgy: Tijaniyya,تصوف: كرامات: تجانية
758,,literature: poetry: praise,أدب: شعر: مدح
760,,Sufism: orders: Tijaniyya: dhikr,تصوف: طوق: تجانية: ذكر
763,,literature: elegy: Muḥammad Salagha,أدب: رثاء: محمد سلغ
764,,belief: sects,عقيدة: فرق
765,,jurisprudence: problems: prayer,فقه: مسائل: صلاة
766,,Sufism: orders: Qadiriyya: eulogy: Nasiru Kabara,تصوف: طوق: قادرية: مدح: الناصر الكبري
768,,belief / jurisprudence / Sufism,عقيدة / فقه / تصوف
769,,"Sufism: orders: Tijaniyya: muqaddams, appointment",تصوف: طوق: تجانية: تقديم
770,,Sufism: orders: Tijaniyya: ethics,تصوف: طوق: تجانية: أخلاق
771,,Sufism: orders: Tijaniyya: biography,تصوف: طوق: تجانية: تراجم
772,,Sufism: orders: ʿArusiyya,تصوف: طوق: عروسية
773,,ethics,أخلاق
774,,devotional: intercession: prophecy: names,تحنث: توسل: نبوة: أسماء
776,,Sufism: orders: defense of,تصوف: طرق: دفاع عن الطرق
778,,devotional: worship,تحنث: عبادة
780,,belief / conduct,عقيدة / آداب
781,,jurisprudence: lawful & unlawful: purdah,فقه: الحلال والحرام: خروج النساء
782,,reform: debate,تغيير المنكر: مناظرة
784,,politics: theory of government,سياسة: أحكام سلطانية
785,,history: Nigeria: Fika,تاريخ: نيجيريا: فيكة
786,,biography: Muhammad Sambo,تراجم: محمد ثمب
787,,history: Nigeria: Bornu,تاريخ: نيجيريا: برنو
791,,history: Nigeria,تاريخ: نيجيريا
792,,biography: Muʿallim Junayd,تراجم : معلم جنيد
794,,history: Nigeria: Sokoto: graves of Muhammad Belloʾs descendants,تاريخ: نيجيريا: سكوتو: مقبرة أبناء محمد بلو
796,,history: Nigeria: Gobir: rulers,تاريخ: نيجيريا: غوبر: ملوك
797,,history: Niger: Tuareg: Kel Owi,تاريخ: نيجير: الطوارق: كل أوي
798,,biography:ʿAbd Allah b. Fudi,تراجم: عبدالله فودي
800,,literature: eulogy: ʿUthmān b. Muḥammad Fūdī & Muḥammad Bello,أدب: مدح: عثمان بن فودي ومحمد بلو
802,,history: Niger: Sabin Birn,تاريخ: النيجر: سابن برن
803,,history: Niger: Ahir,تاريخ: نيجر: آهير
804,,history: Nigeria: Sokoto: ʿUthman dan Fodio,تاريخ: نيجيريا: سكوتو: عثمان بن فودي
805,,history: Nigeria: Sokoto: names of ʿUthman dan Fodioʾs followers,تاريخ: نيجيريا: سكوتو: أسماء جماعة عثمان فودي
806,,history: Nigeria: Sokoto: descendants of ʿAbd Allah Fudi,تاريخ: نيجيريا: سكوتو: أبناء عبد الله فودي
807,,history: Nigeria: Sokoto: graves of ʿUthman dan Fodioʾs descendants,تاريخ: نيجيريا: سكوتو: مفبرة أبناء عثمان فودي
808,,history: Nigeria: Gwandu: graves,تاريخ: نيجيريا: غندو: مقبرة
809,,history: Niger: Minu,تاريخ: النيجر: مينو
810,,history: Nigeria: Kebbi: rulers,تاريخ: نيجريا: كبي: ملوك
811,,history: Nigeria: Fulani,تاريخ: نيجريا: الفلانيين
812,,history: Niger: Zaberma: genealogy,تاريخ: نيجير: الزبرما: أنساب
813,,history: genealogy: Fulani,تاريخ: أنساب: الفلانيين
814,,devotional: counsel: tomb visitation: grave of Muhammad Bello,تحنث: إرشاد: زيارة قبر محمد بلو
815,,history: Niger: Tuareg: Adar,تاريخ: نيجير: الطوارق: آدر
816,,history: Nigeria: Zaria,تاريخ: نيجيريا: زاريا
817,,history: Nigeria: Dawra,تاريخ: نيجيريا: دورا
818,,history: Mali: Segu,تاريخ: مالي: سيغو
819,,history: Niger: Bilma,تاريخ: نيجير: بلما
820,,belief: prophets: Mūsa (Moses),عقيدة: أنبياء: موسي
821,,history: Niger: Zinder,تاريخ: نيجير: زندر
822,,history: geneology: Tuareg,تاريخ: أنساب: الطوارق
824,,history: Niger: Damergu,تاريخ: نيجير: دامرغو
826,,history: Niger: Agades,تاريخ: نيجر: أغدز
827,,history: Niger: Tuareg: Ahir,تاريخ: نيجير: الطوارق: آهير
829,,history: Niger: Tuareg: Kawsin,تاريخ: نيجير: الطوارق: كاوسن
830,,history: Niger: Takedda,تاريخ: نيجير: تكدا
831,,politics: allegiance: oath,سياسة: مبايعة: أيمان
832,,history: Niger: Tuareg: Ahir: Aghmabal,تاريخ: نيجير: الطوارق: آهير: أغمبل
833,,history: Niger: Agades: graves,تاريخ: نيجر: أغدز: مقبرة
834,,history: Niger: Songhay / Ahir: Askia Muhammad,تاريخ: نيجير: سنغاي / آهير: اسكيا محمد
835,,history: Maghrib,تاريخ: المغرب
836,,history: Niger: Tuareg,تاريخ: نيجير: الطوارق
837,,history: Niger: Ahir and Agades,تاريخ: نيجر: آهير وأغدز
840,,literature: eulogy: Tuareg,أدب: مدح: الطوارق
841,,unknown,مجهول
843,,history: Fulani,تاريخ: الفلانيين
844,,history: Niger: Adar,تاريخ: نيجير: آدر
845,,history: Mali: Liptako: rulers,تاريخ: مالي: لبتاكو: ملوك
846,,politics: Tuareg and Songhay,سياسة: الطوارق وسنغاي
847,,history: campaigns of al-J.r.n.d.b b. Kakil,تاريخ: غزوات الجرندب بن كاكل
848,,history: Mauritania: Wadan,تاريخ: موريتانية: ودان
849,,history: Mauritania: al-baydan,تاريخ: موريتانية: البيضان
852,,history: Bilad al-Sudan: Takrur & Askiya Ishaq,تاريخ: بلاد السودان: تكرور واسكيا اسحاق
855,,jurisprudence: slaves: Askiya Muhammad,فقه: عبيد: اسكيا محمد
856,,biography: Ahmad b. ʿAbd Allah Abu Bakr,تراجم: أحمد بن عبد الله أبو بكر
857,,belief: prophets: narratives,عقيدة: أنبياء: قصص
858,,history: Fulani: Liptako / Dawra / Humburi,تاريخ: الفلانيين: لبتاكو / دور / همبور
859,,jurisprudence: adjudication: slaves,فقه: قضاء: عبيد
860,,history: Bilad al-Sudan,تاريخ: بلاد السودان
861,,history: Mali: Azawad and Timbuktu,تاريخ: مالي: أزواد و تنبكتو
862,,politics: al-Maghili and Askiya Muhammad,سياسة: اسكيا محمد والمغيلي التلمسان
863,,biography: Askiya Muhammad,تراجم: الحاج اسكيا
864,,history: Burkina Faso: Mossi: rulers,تاريخ: بركينا فاسو: موش: ملوك
867,,history: Nigeria: Adamawa,تاريخ: نيجيريا: ادماوا
868,,biography: Muhammad al-Abyad,تراجم: محمد الأبيض
872,,Sufism: biography: Jaylani and his contemporaries,تصوف: تراجم: الجيلاني ومعاصروه
873,,literature: poetry,أدب: شعر
874,,Arabic language: orthography,لغة عربية: إملاء
875,,biography: al-Lamtuni,تراجم: اللمتون
876,,literature: poetry: Mauritania,أدب: شعر: موريتانيا
877,,history: Mauritania: al-zawaya,تاريخ: موريتانية: الزوايا
881,,belief: prophets: Muhammad and Yusuf (Joseph),عقيدة: أنبياء: محمد ويوسف
884,,biography: Hajj Muhammad Marhaba,تراجم: الحاج محمد مرحبا
886,,jurisprudence: duties: purification: child birth,فقه: عبادات: طهارة: نفاس
888,,politics: Tuareg in the Azawad,سياسة: الطوارق في أزواد
889,,jurisprudence: transactions: binding stipiulations(?),فقه: معاملأت: الشروط اللازمة
890,,history: Niger: Zaberma,تاريخ: نيجر: الزبرما
893,,history: early years of Islam: ʿUmayyads,تاريخ: سلف: أمويين
894,,Sufism / belief: Sidi Ahmad b. Mandil,تصوف/عقيدة: سيد أحمد بن منديل
896,,history: Niger: Tera,تاريخ: نيجير: تيرا
897,,devotional: sermon,تحنث: خطبة
898,,reform: debate: Muhammad Bello and ʿAbd al-Salam,تغيير المنكر: مناظرة: محمد بلو وعبدالسلام
899,,history: Berber & Tuareg: Imashaghan,تاريخ: البربر والطوارق: إماشغن
900,,history: Nigeria: Hausaland: classification of people by degree of Islam,تاريخ: نيجيريا: بلاد هوسا: تصنيف القبائل بالاسلام
901,,reform: hijra,تغيير المنكر: هجرة
904,,history: Bilad al-Sudan / reform: jihad,تاريخ: بلاد السودان / تغيير المنكر: جهاد
905,,history: Berber & Tuareg,تاريخ: البربر والطوارق
906,,"jurisprudence: adjudication: infidels, relations with",فقه: قضاء: معاملة غير المسلمين
907,,medicine,طب
908,,history: geneology: Nurubi,تاريخ: أنساب: النوروبي
909,,history: Nigeria: Gwandu,تاريخ: نيجيريا: غندو
910,,jurisprudence: problems: Ibn Hazim,فقه: مسائل: ابن حازم
912,,literature: tashṭīr,أدب: تشطير
913,,esoteric sciences: demonology,باطنيات: خواف
915,,Qurʾan: exegesis: al-Waqiʿah,قرآن: تفسير: الواقعة
916,,devotional: characteristics of the Prophet,تحنث: خصائص نبوية
918,,literature: poetry: Muhammad Marhaba,أدب: شعر: محمد مرحبا
919,,history: Niger: Labanduk,تاريخ: نيجير: لبندوك
920,,history: Mali: Songhay: Muhammad Askia,تاريخ: مالي: سنغاي: محمد اسكيا
921,,literature: poetry: al-Subki,أدب: شعر: السبكي
922,,Prophet Muhammad: letters,سيرة نبوية: رسائل
923,,literature: poetry: Yahudha b. Saʿd al-Maghribi,أدب: شعر: يهوذا بن سعد المغربي
924,,literature: poetry: al-Akhdari,أدب: شعر: الأخضري
925,,Sufism: piety: work ethic,تصوف: تقوى: الحث علي العمل
926,,politics: Abi Bakr b. Muhammad Amasil & ʾulamaʾ of Ahir,سياسة: أبي بكر بن محمد اماصيل وامراء آهير
927,,biography: Muhammad Bello: companions,تراجم: محمد بلو: اصحاب
928,,biography: Emirs of Kuntashi (?),تراجم: أمراء كنتشي
929,,social matters: diverse,مجتمعية: متعدد
931,,biography: Hausa kings,تراجم: ملوك الحوسا
933,,history: Nigeria: Kebbi & Dusu,تاريخ: نيجيريا: كبي ودوسو
934,,history: Nigeria: Kanuri,تاريخ: نيجيريا:: الكانوري
935,,history: Nigeria: Rabih,تاريخ: نيجيريا: رابه
936,,biography: Masfirma ʿUmar b. ʿUthman (sic),تراجم: مسفرما عمر بن عثمان
937,,history: events: colonialism: treaty,تاريخ: حوادث: إستعمار: معاهدات
938,,history: Niger,تاريخ: النيجر
939,,literature / jurisprudence / history,مخطوط: متفرقات
941,,education: curriculum: the eminent,تربية: منهاج: الأعيان
942,,literature: poetry: ʿAbd Allah Fudi,أدب: شعر: عبدالله فودي
943,,geneology: Berber,نساب: بربر
945,,jurisprudence: lawful & unlawful: bribery,فقه: الحلال والحرام: رشوة
946,,biography: collective: the eminent: Kong,تراجم: جماعية: أعيان: علماء: كنغ
947,,biography: Aḥmad al-Bakkāʿī,تراجم: السيد أحمد البكاي
948,,politics: counsel: Kel Antasar,سياسة: شورى: كل انتصر
949,,social matters: counsel: students,مجتمعية: شورى: تلامذت
951,,social matters: counsel,مجتمعية: شورى
952,,history: Niger: Tuareg: rulers,تاريخ: نيجير: الطوارق: أمراء
954,,medicine: Qurʾanic cures,طب: استشفاء بالقرآن
955,,history: pre-Islamic: rulers,تاريخ: قحطان: ملوك
957,,belief: theology / Sufism,عقيدة: توحيد / تصوف
959,,politics: accusations: Aḥmad al-Bakkāʿī & Ahmad Ahmadu al-Fulani,سياسة: إتهام: أحمد البكاي وأحمد أحمد الفلاني
960,,jurisprudence: problems: the dead and women,فقه: مسائل: الأموات والحريم
961,,literature: study of: arts,أدب: دراسة: الفنون
962,,history: world,تاريخ: العالم
963,,logic: principles,منطق: أصول
964,,history: Africa,تاريخ: إفريقيا
966,,biography: Alfa Hashim al-Fulani,تراجم: ألفي هاشم الفلاني
967,,encyclopedia: Libya,موسوعة: ليبيا
968,,history: Fezzan,تاريخ: فزان
969,,history: Africa and Andalus,تاريخ: إفريقيا والأندلس
970,,history: geneology: Hasaniyya,تاريخ: أنساب: الحسنية
971,,literature: poetry: Qurtubi,أدب: شعر: القرطبي
972,,literature: prosody: takhmīs: Aḥmad Abī Bakr,أدب: عروض: تخميس: أحمد أبي بكر
973,,literature: eulogy: Muhammad b. Nasir,أدب: مدح: محمد بن ناصر
974,,Qurʾan: exegesis: Alam Nashrah,قرآن: تفسير: ألم نشرح
976,,literature: western,أدب: غربي
977,,politics: greetings: French ambassador & President of Niger,سياسة:إستعمار: تحيات: سفير فرنسا ورئيس النيجر
978,,Prophet Muhammad: campaigns: conquest of Mecca,سيرة نبوية: غزوات: فتح مكة
981,,Sufism: principles: Shaykh al-Dumyati,تصوف: قواعد: الشيخ الدمياطي
984,,conduct: admonitions,آداب: نصائح
985,,Arabic language: grammar / morphology,لغة عربية: نحو /  صرف
986,,"jurisprudence: adjudication: marriage: conception, period for",فقه: قضاء: نكاح: مدو الحمل
987,,jurisprudence: adjudication: marriage,فقه: قضاء: نكاح
989,,devotional: sermon: Id,تحنث: خطبة: عيد
992,,jurisprudence: adjudication / history: Sahara,فقه: قضاء / تاريخ: الصحراء
993,,hadith: collection: Tirmidhī,حديث: تدوين: الترمذي
994,,biography: Muhammad Bello,تراجم: محمد بلو
995,,literature: elegy: ʿUthmān b. Muḥammad Fūdī (Usman Dan Fodio),أدب: رثاء: عثمان بن فودي
996,,esoteric sciences: charms / magic,باطنيات: رقي / سحر
997,,literature: stories: Dauwd,أدب: قصص: داود
998,,belief: sects: Jews,عقيدة: فرق: اليهود
999,,Prophet Muhammad: genealogy,سيرة نبوية: أنساب
1000,,Qurʾan: exegesis: obscure words,قرآن: تفسير: غريب
1001,,jurisprudence / history: Andalus,فقه / تاريخ: أندلوس
1002,,Arabic language / Sufism,لغة عربية / تصوف
1003,,biography: collective,تراجم: جماعية
1006,,genealogy: ʿAbd al-Qādir al-Jaylānī,أنساب: عبد القادرالجيلاني
1007,,history: Mali: Massina,تاريخ: مالي: ماسينا
1009,,Sufism: thaumaturgy: Ahmad al-Tijani,تصوف: كرامات: أحمد التجانية
1010,,literature: eulogy: Sidi al-Anam,أدب: مدح: سيد الانام
1011,,education,تربية
1014,,literature: elegy: ʿUmar b. Saʿīd al-Fūtī (al-Ḥājj ʿUmar),أدب: رثاء: عمر بن سعيد الفوتي
1015,,jurisprudence: adjudication: legal opinions: living with Christians,فقه: قضاء: فتاوي: سكن مع النصاري
1016,,devotional: prayer,تحنث: صلاة
1017,,history: Mali: Tuareg: expedition against,تاريخ: مالي: حملات حربية
1019,,Sufism: orders,تصوف: طرق
1020,,devotional,تحنث
1021,,politics: migration: hijra,سياسة: هجرة
1023,,history: Nigeria: Hausaland: campaigns of ʿAbd Allah b. Fodio,تاريخ: نيجيريا: حويا: غزوات عبد الله بن فودي
1025,,hadith: selections: patience,حديث: مختارات: صبر
1027,,history: Mali: Azawad,تاريخ: مالي: أزواد
1028,,biography: ʿulamāʾ / bibliography,تراجم: علماء / ببليوغرافيا
1029,,Sufism: al-Ghazali,تصوف: الغزالي
1030,,history: Cameroon,تاريخ: كميرون
1031,,economy: sales,إقتصاد: بيوع
1032,,literature: elegy: al-Ḥājj ʿUmar Karkī,أدب: رثاء: الحاج عمر كركي
1033,,jurisprudence: duties: prayer: Maliki doctrine,فقه: عبادات: صلاة: مذهب مالك
1034,,Arabic language: morphology / calligraphy,لغة عربية: صرف / فن الخط
1035,,Prophet Muhammad: missions (& raids),سيرة نبوية: بعثات (وسرايا)
1036,,Sufism: hagiography: Muhammad b. Yusuf al-Sanusi,تصوف: مناقب: محمد بن يوسف السنوسي
1037,,history: Nigeria: early years of Islam,تاريخ: نيجيريا: سلف
1039,,jurisprudence / literature,فقه / أدب
1041,,history: Bilad al-Sudan: Takrur,تاريخ: بلاد السودان: تكرور
1042,,politics: replies to Ahmadou Lobbo of Massina,سياسة: أجوبة لأحمد لبو في ماسينا
1044,,history: Mali: Songhay and Timbuktu and Jenne,تاريخ: مالي: صنغاي وتمبكتو وجني
1045,,history: Bilad al-Sudan: scholars,تاريخ: بلاد السودان: علماء
1046,,politics: Tuareg and Hausa,سياسة: الطوارق والهوسا
1047,,geography: wonders of Timbuktu,جغرافيا: عجائب تنبكتو
1048,,esoteric sciences: secrets / devotional: invocation,باطنيات: أسرار /  تحنث: أدعية
1050,,Arabic language / literature / jurisprudence,لغة عربية / أدب / فقه
1052,,biography: Fatima,تراجم: فاطمة
1054,,belief / literature / logic,عقيدة / أدب / منطق
1055,,history: early years of Islam,تاريخ: سلف
1057,,Arabic language / literature,لغة عربية / أدب
1060,,history: Sahara,تاريخ: الصحراء
1062,,Prophet Muhammad: virtues of the Prophet,سيرة نبوية: فضائل النبي
1063,,history: Mauritania: tribes,تاريخ: موريتانية: قبائل
1064,,genealogy: Prophet Muhammad,أنساب: النبي محمد
1065,,biography: Ahmad Baba al-Tinbukti,تراجم: حمد بابا التنبكتي
1066,,history: Nigeria: Gobir,تاريخ: نيجيريا: غوبر
1068,,jurisprudence / Arabic language,فقه / لغة عربية
1069,,jurisprudence: marriage: intercourse: during her period,فقه: نكاح: جماع: حيض
1072,,geography: wonders of the world,جغرافيا: عجائب الدنيا
1073,,Arabic language: lexicon / morphology,لغة عربية: معجم / صرف
1074,,history: Bilad al-Sudan: rulers,تاريخ: بلاد السودان: ملوك
1077,,belief: prophets: Yusuf (Joseph),عقيدة: أنبياء: يوسف
1078,,history / belief,تاريخ / عقيدة
1079,,history: Berber & Tuareg / Songhay,تاريخ: البربر والطوارق/ سنغاي
1080,,jurisprudence / history / literature,فقه / تاريخ / أدب
1081,,history: Berber & Tuareg: Agades,تاريخ: البربر والطوارق: أغدز
1082,,Qurʾan: sciences of: sura names,قرآن: علوم القرآن: أسماء السور
1083,,hadith / jurisprudence,حديث/ فقه
1084,,ethics: Prophetic,أخلاق: نبوية
1086,,Sufism: polemic,تصوف: جدل
1087,,jurisprudence: duties: prayer: Friday prayer,فقه: عبادات: صلاة: جمعة
1088,,jurisprudence: sanctions,فقه: عقوبات
1089,,jurisprudence: principles: conundrums,فقه: أصول: ألغاز
1090,,Qurʾan: sciences of: first compilation,قرآن: علوم القرآن: تدوين
1091,,jurisprudence: problems: treaty,فقه: مسائل: معاهدة
1092,,jurisprudence: transactions: banking,فقه: معاملات: مع الأبناك
1093,,jurisprudence: lawful & unlawful: food: tea,فقه: الحلال والحرام: أكل: الشاي
1094,,Qurʾan: calligraphy and orthography,قرآن: الخط وإملاء
1095,,conduct: worshiper,آداب: المصلي
1096,,jurisprudence: duties: prayer: omission,فقه: عبادات: صلاة: سهو
1097,,jurisprudence: problems: truce,فقه: مسائل: مهادنة
1098,,jurisprudence / Qurʾan,فقه / قرآن
1101,,esoteric sciences: meanings of sura,باطنيات: خواص السور
1103,,devotional: intercession: Ahl Badr,تحنث: توسل: أهل بدر
1104,,devotional: intercession: at grave sites,تحنث: توسل: قبور
1105,,jurisprudence: lawful & unlawful: hospitality,فقه: الحلال والحرام: ضيافة
1106,,science: engineering / geometry,علوم: هندسة
1107,,Sufism / Arabic language: morphology,تصوف / لغة عربية: صرف
1109,,biography: Shaykh al-Mustʿayyin,تراجم: الشيخ المستعين
1110,,Sufism: states,تصوف: احوال
1111,,jurisprudence: problems: radios,فقه: مسائل: المذياع
1112,,jurisprudence: problems: womenʾs hairpieces,فقه: مسائل: وصل الشعر
1113,,jurisprudence: problems: modern technology,فقه: مسائل: مخترعات عصرية
1114,,jurisprudence: sanctions: alcohol consumption,فقه: عقوبات: شرب الخمر
1115,,genealogy: Quraysh,أنساب: قريش
1117,,Qurʾan: sciences of: synonyms,قرآن: علوم القرآن: مترادفات
1119,,jurisprudence: oaths and vows,فقه: أيمان ونذور
1120,,Qurʾan: sciences of: Makka and Medina,قرآن: علوم القرآن: مكي ومدني
1121,,"jurisprudence: marriage: consanguinity, precluding",فقه: نكاح: محارم
1123,,history: early years of Islam: ʿUmayyids andʿAbbasids,تاريخ: سلف: الامويون والعباسيون
1124,,history: Mauritania,تاريخ: موريتانية
1126,,"jurisprudence: principles: fatwa, making of",فقه: أصول: إفتاء
1127,,literature: study of: history,أدب: دراسة: تاريخ
1130,,history: Mauritania: mahadras,تاريخ: موريتانية: محاظر
1132,,biography: hagiography: Mahand Babah,تراجم: مناقب: محنض بابه
1133,,biography: al-Mutali,تراجم: المتالي
1134,,literature: collected works,أدب: مجموعة
1135,,jurisprudence: duties: prayer: in planes,فقه: عبادات: صلاة: في الطائرة
1136,,jurisprudence: lawful & unlawful: food: tea (& tobacco),فقه: الحلال والحرام: أكل: الشاي (ومانيجه)
1137,,hadith / literature,حديث / أدب
1138,,literature: proverbs (popular),أدب: أمثال (شعبية)
1139,,jurisprudence: lawful & unlawful: food: gum arabic,فقه: الحلال والحرام: أكل: طعامية العلك
1140,,history: Mauritania: colonial occupation,تاريخ: موريتانية: احتلال
1141,,literature: poetry: collection: Aḥmadū b. Aḥmadhyā al-Ḥasanī,أدب: ديوان: ابن أحمذيا
1142,,biography: Muhammad Salim b. al-Ma,تراجم: محمد سالم بن الما
1143,,biography: Yahzih b. ʿAbd al-Wadud,تراجم: يحظيه بن عبد الودود
1144,,belief / jurisprudence / logic,عقيدة / فقه / منطق
1145,,jurisprudence: principles: law-schools: Hanafi,فقه: أصول: مذاهب: حنفية
1146,,jurisprudence: principles: law-schools: Hanbali,فقه: أصول: مذاهب: حنبلية
1147,,jurisprudence: duties: zakat: paper money,فقه: عبادات: زكاة: الاوراق المصرفية
1148,,geography,جغرافيا
1149,,history: Mauritania: place names,تاريخ: موريتانية: اماكن
1150,,genealogy: Mauritania,أنساب: موريتانية
1151,,genealogy: Arabs,أنساب: العرب
1153,,biography: Ahmadu b. Dahah,تراجم: أحمدو بن دهاه
1154,,Qurʾan: exegesis (& invocation),قرآن: تفسير (وأدعية)
1155,,jurisprudence: problems: custom,فقه: مسائل: عرف
1156,,biography: Ibn al-ʿAbbas,تراجم: ابن العباس
1157,,biography: Shaykh al-Hadi,تراجم: الشيخ الهادي
1159,,jurisprudence:  transactions: sales: security,فقه: معاملات: بيوع: رهن
1160,,history: Mauritania and Senegal,تاريخ: موريتانية وسنيغالية
1162,,biography: Shaykh Muhammad al-Hafiz,تراجم: الشيخ محمد الحافظ
1163,,bibliography: works by Sidi al-Mukhtar al-Kunti,ببليوغيافيا: مؤلفات سيد المختار الكنتي
1164,,genealogy: Mauritania: Hodh,أنساب: موريتانية: الحوض
1165,,jurisprudence: problems: taxes,فقه: مسائل: مكوس
1168,,geography: Mauritania,جغرافيا: موريتانيا
1169,,biography: Shaykh Maʾ al-ʿAynayn,تراجم: الشيخ ماء العينين
1170,,history: Mauritania: events,تاريخ: موريتانية: حوادث
1171,,jurisprudence: transactions: slaves: patronage,فقه: معاملات: عبيد: ولاء
1172,,"belief: unbelief, accusation of",عقيدة: تكفير
1174,,biography: Shaykh Sidiyya (al-Kabir),تراجم: الشيخ سيديا (الكبير)
1175,,conduct: youth,آداب: شباب
1176,,jurisprudence: duties: fasting,فقه: عبادات: صيام
1177,,jurisprudence: adjudication: authority,فقه: قضاء: تقليد
1178,,biography: al-Yadali,تراجم: اليدالي
1179,,biography: Ibn al-Ma,تراجم: محمد سالم بن الما
1180,,biography: Shaykh Mahand Babaha,تراجم: الشيخ محنض بابه
1182,,biography: Shaykh Taqi Allah,تراجم: الشيخ تقي الله
1183,,jurisprudence: problems: pension,فقه: مسائل: معاش
1184,,jurisprudence / ethics,فقه / أخلاق
1186,,history: Mali: Mali and Songhay,تاريخ: مالي: مالي وصنغاي
1187,,history: Mali: rulers of Massina,تاريخ: مالي: ملوك ماسينا
1188,,politics: allegiance: Massina / Kunta,سياسة: مبايعة: ماسينا/ كنتة
1190,,politics: Fadi b. ʿAbidin (?),سياسة
1192,,history: Bilad al-Sudan: Sultans,تاريخ: بلاد السودان: سلاطين
1193,,esoteric sciences: charms / talismans: hidden meanings,باطنيات: رقي / طلاسم: أسرار
1194,,jurisprudence: duties: charity / fasting,فقه: عبادات: صدقة / صيام
1195,,Prophet Muhammad: biography,سيرة نبوية
1196,,politics: counsel (rulers),سياسة: شورى (الحكام)
1197,,history: creeds and denominations,تاريخ: ملل ونحل
1198,,literature: anecedotes and poetry,أدب: نوادر وشعار
1199,,jurisprudence / literature / history,فقه / أدب / تاريخ
1202,,literature: invocation,أدب: توسل
1204,,biography: Ahmad al-Rifaʿi,تراجم: أحمد الرفاعي
1207,,jurisprudence: duties: purification,فقه: عبادات: طهارة
1208,,"geography: qibla, determination of",جغرافيا: موقع القبلة
1210,,biography: ʿAbd al-Rahman b. Muhammad b. ʿAbd al-Rahman al-Madyuni,تراجم: عبد الرحمن: علومه واعماله
1211,,science: astronomy: compass,علوم: فلك: بوصلة
1212,,jurisprudence: adjudication: pretext,فقه: قضاء: ذرائع
1214,,philosophy / logic,فلسفة / منطق
1216,,jurisprudence: dialogue,فقه: محاورة
1217,,jurisprudence: refutation of beliefs in Black Africa,فقه: دحض مزاعم عن أفريقيا السوداء
1218,,Sufism: biography: Ahmad b. Jaʿfar al-Sabti,تصوف: تراجم : احمد بن جعفر السبتي
1221,,Qurʾan: study of,قرآن: دراسة
1224,,history: prophets,تاريخ: قصص الأنبياء
1225,,medicine: treatment: by plants,طب: علاخ: التداوي بالأعشاب
1226,,jurisprudence: inheritance: arithmetic and inheritance,فقه: ميراث: حساب الميراث
1231,,esoteric sciences: magic,باطنيات: سحر
1232,,Arabic language: phonetics,لغة عربية: صوتيات
1235,,hadith: selections: spiritual counsel,حديث: مختارات: وعظ وإرشاد
1236,,Prophet Muhammad: the Prophet and the four Khulafaʾ,سيرة نبوية: النبي والخلفاء الأربعة
1238,,science: zoology,علوم: حيوان
1239,,jurisprudence / history / prosody,فقه / تاريخ / عروض
1243,,jurisprudence: adjudication: legal opinions: alcohol,فقه: قضاء: فتوي: أراء الفقهاء في الكحوليات
1245,,jurisprudence / history,فقه / تاريخ
1246,,history: genealogy: Arabs: tribes,تاريخ: أنساب: العرب: قبائل
1247,,history: Arabs,تاريخ: العرب
1248,,belief: sects: religions,عقيدة: فرق: أديان
1249,,Sufism / ethics / prayers,تصوف / أخلاق / أدعية
1251,,biography: al-Qastallani,تراجم: القسطلاني
1252,,belief: questions,عقيدة: مسائل
1253,,belief: theology / esoteric sciences: astrology,عقيدة: توحيد / باطنيات: تنجيم
1254,,social matters: relationships: relations during war,مجتمعية: علاقات: العلاقات في الحروب
1255,,social matters: relationships: relations with infidels,مجتمعية: علاقات: العلاقات مع الكفار
1256,,jurisprudence / belief: theology / Sufism,فقه / عقيدة: توحيد/ تصوف
1257,,education: license: hadith,تربية: إجازة: حديث
1258,,Arabic language: lexicon: names of animals,لغة عربية: معجم: أسماء الحيوان
1259,,jurisprudence: duties: the month of Ramadan,فقه: عبادات: صوم: فضائل شهر رمضان
1262,,literature: diverse: love / praise / counsel,أدب: متعدد: عشق / مدح / نصائح
1264,,Qurʾan: study of: virtues (of suras),قرآن: دراسة: فضائل القرآن
1266,,history: Turkey: Istanbul,تاريخ: تاريخ إستانبول
1268,,esoteric sciences: astrology / magic,باطنيات: تنجيم / سحر
1270,,politics: reconciliation,سياسة: اصلاح
1271,,literature: counsel,أدب: نصائح
1272,,hadith: selections: virtues of sura al-Ikhlas,حديث: مختارات: فضل سورة الاخلاص
1274,,history: events: deaths of well-known Islamic figures,تريخ: حوادث: وفيات: شخصيات عظيمة في الاسلام
1275,,literature: poetry: nostalgia for oneʾs country,أدب: شعر: حنين إلي الوطن
1277,,Prophet Muhammad: campaigns: battle of Badr,سيرة نبوية: غزوات: موقعة بدر
1278,,jurisprudence: adjudication: spouse relations,فقه: قضاء: النكاح
1279,,science: astronomy: the solar year,علوم: فلك: السنة الشمسية
1280,,history: al-Husayn b. ʿAli b. Abi and Yazid b. Muʿawiyya,تاريخ: الحسين بن علي بن أبي ويزيد بن معاوية
1281,,genealogy: Maghrib shurafaʾ,أنساب: شرفاء المغرب
1282,,Prophet Muhammad: ascension of,سيرة نبوية: الاسراء والمعراج
1283,,belief: theology / jurisprudence / Sufism,عقيدة: توحيد / فقه / تصوف
1288,,jurisprudence / Prophet Muhammad,فقه / سيرة نبوية
1289,,Qurʾan: qualities of,قرآن: فضائل القرآن
1290,,Arabic language: lexicon: semantics,لغة عربية: معجم: معان
1291,,history: events: expedition in Africa,تاريخ: حوادث: حملات إلي إفريقيا
1292,,Qurʾan: sciences of: semantics,قرآن: علوم القرآن: ألفاظ القرآن
1293,,biography: hagiography: saints and prophets,تراجم: مناقب: جماعية: المعرفة والعلوم
1294,,jurisprudence / belief: theology,فقه / عقيدة: توحيد
1295,,literature: morals,أدب: أخلاقيات
1296,,literature: criticism,أدب: نقد
1297,,Sufism / ethics,تصوف / أخلاق
1298,,jurisprudence: relations between Muslims and non-Muslims,فقه: علاقات المسلمين بغيرهم من الكفار
1299,,politics: warfare: military expedition,سياسة: محاربة: حملات عسكرية
1301,,belief: exhortation: spirituality,عقيدة: وعظ: روحانيات
1303,,hadith: selections: virtues of ʿAshuraʾ,حديث: مختارات: فضل صوم عاشوراء
1305,,economy: assistance: request for aid,إقتصاد: إعانة: طلب
1306,,biography: al-Hajjaj b. Yusuf,تراجم: الحجاج بن يوسف
1307,,Qurʾan: study of: meta studies,قرآن: دراسة: تأملات
1308,,Qurʾan: selections: value of the Opening,قرآن: الفاتحة: مختارات: سورة الفاتحة
1309,,jurisprudence: marriage: spouse relations,فقه: نكاح: علاقات زوجية
1310,,jurisprudence: transactions: slaves,فقه: معاملات: عبيد
1315,,history: stories,تاريخ: قصص
1317,,social matters: transactions,مجتمعية: معاملات
1319,,politics: greetings & news,سياسة: تحية  وإخبار
1321,,esoteric sciences: astrology / charms / talismans,باطنيات: تنجيم / رقي / طلاسم
1323,,"Prophet Muhammad: names, companions and fuqaha",سيرة نبوية: أسماء: الصحابة والفقهاء
1324,,Qurʾan: selections: Ayat al-Kursi,قرآن: مختارات: آية الكرسي
1325,,Sufism: sainthood: names of saints,تصوف: ولاية: أسماء الزهاد
1326,,jurisprudence: adjudication: legal opinions: divorce,فقه: قضاء: فتاوي: الطلاق
1327,,history: legend,تاريخ: أساطير
1328,,Prophet Muhammad: birth,سيرة نبوية: مولد النبي
1329,,jurisprudence: replies,فقه: أجوبة
1331,,politics: theory of government: advice to rulers,سياسة: أحكام سلطانية: نصائح للحكام
1334,,belief: theology: heaven (description),عقيدة: توحيد: وصف الجنة
1335,,jurisprudence / belief: theology: replies,فقه / عقيدة: توحيد: أجوبة
1337,,Prophet Muhammad: companions: battle of Badr,سيرة نبوية: الصحابة: موقعة بدر
1339,,belief: unbelief: signs of: contemporary,عقيدة: تكفير: علامات الكفر: المعاصرين
1340,,Arabic language: grammar: the letters ḍād and ẓāʾ,لغة عربية: نحو: حرف الضاد والظاء
1343,,hadith: selections: virtues of the month Dhu al-Hijja,حديث: مختارات: فضل شهر ذي الحجة
1344,,history: genealogy,تاريخ: أنساب
1345,,politics: request: forgiveness,سياسة: طلبات: اعتذار
1347,,literature / history,أدب / تاريخ
1348,,literature: wisdom,أدب: مواعظ
1349,,literature / hadith,أدب / حديث
1351,,history: Berbers,تاريخ: بربر
1352,,devotional: sermon / jurisprudence / hadith,تحنث: خطبة / فقه / حديث
1353,,literature: anthology,أدب: مختارات
1354,,jurisprudence: duties: generosity,فقه: عبادات: سلوك: كرم
1356,,ethics: comportment: honoring,أخلاق: سلوك: تكريم
1359,,ethics: comportment: hospitality,أخلاق: سلوك: ترحيب
1360,,conduct: slaves: relations with,آداب: عبيد: معاملة العبيد
1361,,ethics: comportment: blame,أخلاق: سلوك: عتاب
1362,,ethics: comportment: love,أخلاق: سلوك: وداد
1363,,Arabic language / jurisprudence,لغة عربية /  فقه
1364,,ethics: comportment: request for aid,أخلاق: سلوك: طلب المساعدة
1366,,hadith: selections: for casting lots,حديث: مختارات: إستخارة
1368,,belief: theology / prayer,عقيدة: توحيد / أدعية
1369,,Qurʾan: study of: comparative studies,قرآن/حديث: دراسة: متشابهات
1371,,"hadith: Prophet Muhammad, replies of",حديث: أجوبة للرسول
1372,,economy: inheritance,إقتصاد: ميراث
1373,,belief: theology: Judgement Day,عقيدة: توحيد: يوم الحساب
1375,,history: events: jihad,تاريح: حوادث: جهاد
1376,,genealogy: Prophet Muhammad: Arabs,أنساب: الرسول: العرب
1378,,esoteric sciences: astrology / divination,باطنيات: تنجيم / جفر
1379,,hadith: Qudsiyya,حديث: قدسي
1380,,literature: praise / description,أدب: مدح / وصف
1381,,ethics: spiritual counsel: self-control,أخلاق: إرشاد: صبر
1382,,social matters: census: names,مجتمعية: إحصاء: قوائم أسماء
1384,,history: Mali: military,تاريخ: مالي: عسكري
1385,,politics: duties,سياسة: حكم
1387,,jurisprudence: marriage: intercourse,فقه: نكاح: جماع
1390,,devotional: prayer: tasbih,تحنث: صلاة: تسبيح
1391,,Sufism: praise,تصوف: مدح
1395,,history: events: fall of the town of Gemmu Kura,تاريخ: حوادث: نوازل
1398,,Qurʾan: study of: ordering and binding,قرآن: دراسة: جمع وترتيب
1401,,belief: theology / history,عقيدة: توحيد / تاريخ
1402,,economy: census: inventory,إقتصاد: إحصاء: سجلات
1404,,Qurʾan / hadith: tafsir,قرآن / حديث: تفسير
1405,,belief: theology / jurisprudence: replies,عقيدة: توحيد / فقه: أجوبة
1406,,literature: Sufism: sadness,أدب: وصف: حزن
1407,,jurisprudence: duties: prayer: replies,فقه: عبادات: صلاة: أجوبة
1408,,jurisprudence: duties: zakat: replies,فقه: عبادات: زكاة: أجوبة
1409,,Qurʾan / jurisprudence,قرآن/ فقه
1410,,belief: theology / jurisprudence,عقيدة: توحيد / فقه
1412,,belief: unbelief: signs of,عقيدة: تكفير: علامات الكفر
1413,,ethics: generosity,أخلاق: كرم
1418,,history: reign of al-Hakim b. Amr Allah,تاريخ: حكم الحاكم بن أمر الله
1419,,"history: Egypt, conquest of: Bonaparte",تاريخ: مصر أيام نابليون
1421,,belief: martyrs,عقيدة: شهداء
1422,,economy: finance,إقتصاد: ماليات
1423,,history: stories: al-Husayn,تاريخ: قصص: الحسين
1425,,"belief: Shaʿban, month of: virtues of night in",عقيدة: فضائل ليلة نصف شعبان
1428,,literature: maxims,أدب: أمثال
1429,,literature: guidance,أدب: إرشاد
1430,,social matters: relationships,مجتمعية: علاقات
1431,,social matters: accusations,مجتمعية: إتهام
1432,,Arabic language: grammar: the tashdīd,لغة عربية: نحو: تشديد
1433,,jurisprudence: marriage: counsel,فقه: نكاح: نصائح
1435,,jurisprudence: duties: gifts,فقه: عبادات: تعاويذ
1436,,literature: stories: Islamic,أدب: قصص: إسلامي
1437,,literature: biography: verse,أدب / تراجم: شعر
1438,,history: stories: Harut and Marut,تاريخ: قصص: هاروت وماروت
1439,,history: Mali: war: tribes of Bakr and Taghlib,تاريخ: مالي: حروب: قبيلة بكر وتغلب
1441,,ethics: accusation,أخلاق: عتاب
1442,,science: science and knowledge: virtues of,علوم: فضائل العلوم و العلم
1444,,history: stories: Joseph and his brothers,تاريخ: قصص: يوسف وأخوته
1445,,history: Mali: the battle of Genumu,تاريخ: مالي: وصفي: معركة حربية
1446,,history: events: conquest,تاريخ: حوادث: حروب
1448,,science: zoology: similarities of men and animals,علوم: حيوان: تشريح
1449,,Qurʾan: recitation: phonetics: prolongation letters,قرآن: تجويد: حروف المد
1451,,belief: theology / Prophet Muhammad,عقيدة: توحيد / سيرة نبوية
1452,,Prophet Muhammad: advice,سيرة نبوية: وصية
1454,,belief: theology / hadith: virtues of the day ʿAshuraʾ,عقيدة: توحيد / حديث: فضائل عاشوراء
1455,,belief: theology / jurisprudence: diverse,عقيدة: توحيد / فقه: متعدد
1456,,belief: theology: death,عقيدة: توحيد: الموت
1457,,hadith / hidden meanings,حديث / أسرار
1458,,belief: exhortation: good works,عقيدة: وعظ: العمل بالدين
1459,,Sufism: diverse,تصوف: متعدد
1461,,jurisprudence: maxims,فقه: أحكام
1463,,"belief: dreams, interpretation of",عقيدة: رؤية
1464,,social matters: relationships: marriage,مجتمعية: علاقات: كهانة
1465,,politics: allegiance,سياسة: مبايعة
1467,,politics: warfare: military information,سياسة: محاربة: استعداد عسكري
1468,,"Sufism: sainthood: saints, list of",تصوف: قوائم أسماء العابدين
1470,,politics: administration: financial and military matters,سياسة: إدارة: استعداد مالي وعسكري
1471,,ethics: complaint,أخلاق: سوء معاملة
1474,,Prophet Muhammad: character,سيرة نبوية: شمائل
1475,,medicine: Prophetic: ophthalmology,طب نبوي: أمراض العين
1477,,belief: theology: power of Allah,عقيدة: توحيد: قدرة الله
1478,,devotional: invocation: virtues of dhikr,تحنث: أدعية : فضائل ذكر الله
1482,,Sufism: praise to Allah,تصوف: مديح الهي
1485,,jurisprudence: adjudication: animal sacrifice (for the dead),فقه: قضاء: الذبح للميت
1486,,literature: eulogy: Khulafaʿ,أدب: مدح: خلفاء
1487,,education: chain of authority: Nasariyya (& other brotherhoods),تربية: سلسلة: تجانية
1488,,esoteric sciences: secrets: occultism,باطنيات: أسرار: تنجيم
1489,,literature: poetry: epic,أدب: شعر: ملحمة
1490,,politics: administration: request for aid and a judge,سياسة: إدارة: قضاء
1491,,jurisprudence: transactions: land claims,فقه : معاملات: إستصلاح الأرض
1494,,Prophet Muhammad: legends and miracles,سيرة نبوية: معجزات النبي
1495,,Sufism: sainthood: Saʿd b. Ibrahim,تصوف: ولاية: سعد بن إبراهيم
1496,,literature: stories: campaigns,أدب: قصص: غزوات
1497,,politics: request,سياسة: طلبات
1501,,esoteric sciences: secrets: al-Dimyātī,باطنيات: أسرار: الدمياتي
1502,,politics: accusations: complaint against Amir,سياسة: إتهام: تذمر ضد الحاكم
1504,,devotional: prayer: for sick cattle (& slaughter),تجنث: صلاة
1505,,Qurʾan: selections: passage,قرآن: مختارت: نص
1507,,politics: administration: advice to governors,سياسة: إدارة: اسداء النصح للحاكم
1509,,literature: praise / wisdom and ignorance,أدب: مدح / العام وذم
1510,,"Sufism: Prophet, affection for",تصوف: حب البني
1512,,politics: enpowerment of Ahmad al-Kabir al-Madani,سياسة: تولية أحمد الكبير المدني الحكم
1515,,literature: virtues of ḥamdala,أدب: فضائل حمدل
1516,,Sufism: hidden meanings / Qurʾan: virtues of the suras,تصوف: أسرار / قرآن: فضائل السور
1517,,politics: slavery,سياسة: رقيق
1518,,politics: diverse,سياسة: متعدد
1521,,belief: theology: earthly existence,عقيدة: توحيد: التعلق بالدنيا
1522,,Arabic language: lexicon: alphabet,لغة عربية: معجم: حروف الهجاء
1523,,belief: demons: dialogue between Prophet Muhammad and Satan,عقيدة: شياطين
1527,,politics: accusations,سياسة: إتهام
1530,,politics: administration: villages under Wulibo,سياسة: إدارة: بلدان ???
1531,,politics: request: for an army,سياسة: طلبات: اعداد الجيش
1532,,jurisprudence: transactions: zakat,فقه: معاملات: زكاة
1533,,jurisprudence: adjudication: dispute,فقه: قضاء: خصومات
1535,,esoteric sciences: astrology: charlatan,باطنيات: تنجيم: دجل
1536,,economy: purchase,إقتصاد: شراء
1538,,social matters: census: slaves,مجتمعية: إحصاء: رقيق
1539,,jurisprudence: adjudication: justice,فقه: قضاء: عدالة
1540,,jurisprudence: lawful & unlawful: diet,فقه: الحلال والحرام: أطعمة
1541,,economy: division of assets: distribution to women,إقتصاد: تقسيم أموال: حساب ديون
1543,,economy: goods purchased (by amir al-muʾminin),إقتصاد: مشتروات
1544,,social matters: census,مجتمعية: إحصاء
1546,,politics: administration: order to free some people and distribution of money,سياسة: إدارة: اطلاق سراح بعض المساجين
1547,,politics: administration: order to search for slaves,سياسة: إدارة: أمر بالبحث عن العبيد
1551,,politics: administration: messengers to Ahmad al-Madani,سياسة: إدارة: رسول (?)
1552,,social matters: relationships: reprimand,مجتمعية: علاقات: عتاب
1553,,politics: warfare: victory predictions,سياسة: محاربة: انتصارات عسكرية
1555,,economy: assistance: slaves,إقتصاد: إعانة: عبيد
1556,,politics: allegiance: declaration (people of Walata to Amir al-Muʾminin),سياسة: مبايعة: اعلان الطاعة
1559,,politics: administration: census (soldiers & arms),سياسة: إدارة: إحصاء (جنود و مدافع)
1561,,economy: money (transportation of),إقتصاد: مال
1562,,politics: administration: payment (for loyality),سياسة: إدارة: دفعة المال
1564,,politics: administration: census (tax collectors & horses),سياسة: إدارة: إحصاء (جامعي الضرائب و افراس )
1565,,politics: administration: report on mission,سياسة: إدارة: بلاغ
1566,,jurisprudence: transactions: trade,فقه: معاملات: تجارة
1567,,belief: theology: death: burial,عقيدة: توحيد: الموت: إرتكاب
1568,,hadith: selections: morals (and religious virtues),حديث: مختارات: أخلاقيات
1569,,economy: slaves (claims over),إقتصاد: عبيد (تحرير العبيد)
1570,,politics: administration: census (names of women),سياسة: إدارة: إحصاء: (أسماء النساء)
1571,,politics: administration: census (slaves),سياسة: إدارة: إحصاء: أسري
1573,,politics: admonition,سياسة: وعظ
1574,,economy: religious gifts (zakat levied on harvest),إقتصاد: هدايا (المحاصيل)
1575,,economy: slaves: census,إقتصاد: عبيد: إحصاء
1576,,economy: slaves,إقتصاد: عبيد
1577,,economy: assistance: slaves (booty),إقتصاد: إعانة: عبيد (غنيمة)
1579,,politics: administration: fire arms,سياسة: إدارة: مدافع
1580,,politics: administration: command,سياسة: إدارة: امر
1582,,politics: administration: census,سياسة: إدارة: إحصاء
1583,,politics: administration: census (women),سياسة: إدارة: إحصاء (نساء)
1584,,politics: administration: conquest,سياسة: إدارة: انتصار
1585,,Sufism: letters of the alphabet,تصوف: حروف الهجاء
1586,,economy: assistance: provisioning,إقتصاد: إعانة: تدبير
1587,,economy: prices: clothes,إقتصاد: ثمن: ملابس
1588,,economy: assistance: request for financial aid,إقتصاد: إعانة: طلب الإعانة
1589,,economy: prices: goods,إقتصاد: ثمن: مدفوعات
1590,,economy: zakat,إقتصاد: زكاة
1591,,politics: request: for liberation of slaves,سياسة: طلبات: أمر بالولاء للحاكم
1593,,history: Mali: Dinguiray,تاريخ: مالي: سلسل زمني: دنغراي
1594,,Sufism: orders: Tijaniyya: accusations of,تصوف: طوق: تجانية: دفاع عن
1595,,politics: administration: census: (people killed & captured),سياسة: إدارة: إحصاء (العدو وأسراه)
1596,,social matters: delinquents,مجتمعية: منحرفين
1597,,history: events: calendar,تاريخ: حوادث: تقويم
1600,,politics: delegation,سياسة: ندب
1604,,Qurʾan: recitation: phonetics: articulation,قرآن: تجويد: صوتيات: مخارج الحروف
1608,,history: Mali: Segu: battle of Keje,تاريخ: مالي: صيغو: معارك كيجي
1610,,economy: census: booty,إقتصاد: إحصاء: غنيمة
1611,,history: events: calendar: Coptic,تاريخ: حوادث: تقويم: تقويم: السنة القبطية
1616,,politics: allegiance: declaration of clientage,سياسة: مبايعة: اعلان الولاء
1617,,politics: alarming troubles and request for aid,سياسة: اضطرابات (طلب التدخل للقضاء عليها)
1621,,jurisprudence: inheritance: will,فقه: ميراث: وصية
1625,,history: geneology: Qurashites,تاريخ: أنساب: قرشيين
1626,,politics: administration: order to obey orders,سياسة: إدارة: اعلان الطاعة
1628,,history: Maghrib: after the Almoravids,توحيد: المغرب: خلق الكون بعد المرابطون
1630,,Sufism: poetry,تصوف: شعر
1631,,biography: Sidi Ahmad b. Jaʿfar al-Sabti,تراجم: سيدي احمد بن جعفر
1632,,literature: folk tales (the town of copper),أدب: قصص شعبي (قرية نحاس احمر)
1634,,ethics: spiritual counsel: hospitality,أخلاق: إرشاد: كرم الضيافة
1635,,history: events: chronology of pilgrimage to Mecca,تاريخ: حوادث: حوادث (الحج إلي بيت الله)
1636,,ethics: spiritual counsel: jealousy and vanity,أخلاق: إرشاد: غيرة/غرور
1638,,biography: collective: Tijaniyya,تراجم: جماعية: تجانية
1639,,Prophet Muhammad: dialogue with Gabriel,سيرة نبوية: : قصة المعراج
1640,,literature: stories: story of Yusuf (Joseph),أدب: قصص: يوسف عليه السلام
1641,,politics: administration: census: towns and villages,سياسة: إدارة: إحصاء (سكاني)
1644,,economy: zakat (collection of),إقتصاد: زكاة (محصلة ما جمع)
1645,,"economy: zakat (names of donors/disciples, sums)",إقتصاد: زكاة (أسماء، ما جمع)
1646,,economy: census: horses,إقتصاد: إحصاء: فرسان
1647,,social matters: allegiance,مجتمعية: مبايعة
1648,,politics: adjudication: disputes,سياسة: قضاء: خصومات
1649,,economy: zakat (names of donors/disciples),إقتصاد: زكاة (أسماء دافعي الزكاة)
1650,,history: events: birth & death dates of jurists / writers,تاريخ: حوادث: ميلاد ووفاة فقهاء / كتاب
1653,,literature: description: jihad,أدب: وصف: جهاد
1654,,economy: census: clothes (& those possessing),إقتصاد: إحصاء: ملابس
1656,,history: Mali: Ahmad al-Kabir al-Madani: itinerary,تاريخ: مالي: أحمد الكبير المدني: خطوط
1657,,Qurʾan (& prayer),قرآن: متعدد (والأدعية)
1659,,social matters: personal names,مجتمعية: أسماء اشخاص
1660,,politics: information (about several people),سياسة: تحريات
1661,,politics: administration: census (inhabitants of Bafu/Baqu?),سياسة: إدارة: إحصاء (سكان مدينة بافو او باقو?)
1664,,politics: administration: census (materiel),سياسة: إدارة: إحصاء (فرسان وجنود ورماة)
1668,,politics: administration: census (number of killed and wounded),سياسة: إدارة: إحصاء (قتلي وجرحي)
1670,,economy: accounts,إقتصاد: كشف حساب
1671,,social matters: notables: names (from K.jar.mm),مجتمعية: أعيان: أسماء
1672,,politics: allegiance: renewal,سياسة: مبايعة: تجديد
1673,,literature: eulogy: Ahmad al-Kabir al-Madani & ʿUmar b. Saʿid,أدب: مدح: أحمد الكبير المدني
1674,,biography: Imam Nuh b. Kuli b. al-Bari al-Sayyidi,تراجم: امام نوح بن كل بن البري السيدي
1676,,social matters: relationships (family affairs),مجتمعية: علاقات (أسرية)
1677,,economy: census (ownership of cows),إقتصاد: إحصاء (ملكية أبقار)
1678,,devotional: dhikr,تحنث: ذكر
1679,,jurisprudence: diverse: inheritance / transactions,فقه: متعدد: ميراث / تجارة
1680,,history: Mali: Songhay and Timbuktu,تاريخ: مالي: صنغاي وتمبكتو
1681,,Arabic language: grammar: conjugation,لغة عربية: نحو: اعراب
1682,,ethics: spiritual counsel: Islamic,أخلاق: إرشاد: اسلامية
1683,,belief: unbelief: signs of (in Africa),عقيدة: تكفير: علامات الكفر (في افريقيا)
1684,,literature: stories: adventures,أدب: قصص : مغامرات
1687,,politics: request: for an audience,سياسة: طلبات: علاقات
1689,,Prophet Muhammad: recommendations: to Ibn ʿAbbas,توحيد: وصاية النبي لابن العباس
1691,,Prophet Muhammad: parents of,سيرة نبوية: والدي النبي
1692,,science: methodology,مناهج بحث: علوم
1693,,history: Arab conquest: Egypt (city of Bahnasa),تاريخ: انتصار عربي: مصر (مدينة بهنسة)
1694,,jurisprudence: marriage: children: legitimacy,فقه: نكاح: اولاد: لقطاء
1696,,geography: itinerary (West Africa to Mecca),جغرافيا: طرق (من إفريقيا الغربي إلي المكة المكرمة)
1699,,Qurʾan: study of: number & grouping of verses,قرآن: دراسة: عدد الآيات وجمعها
1700,,Sufism: judgement day,تصوف: يوم الدين
1701,,politics: administration: sanctions (for non-participants in jihad),سياسة: إدارة: عقوبات (الممتنعين عن الجهاد)
1703,,esoteric sciences: secrets: study of the unknown,باطنيات: أسرار: علم الغيب
1704,,jurisprudence: adjudication: proxy,فقه: قضاء: توكيل
1705,,history: Mali: Songhay,تاريخ: مالي: سنغاي
1708,,biography: collective: ʿulamāʾ: Tinbuktu,تراجم: جماعية: علماء تنبكت
1712,,genealogy: Fulani,أنساب: فلان
1714,,genealogy: Kunta,أنساب: كنته
1716,,biography: rulers of Segu,تراجم: ملوك سيغو
1717,,history: Bilad al-Sudan: Islamic conquest,تاريخ: بلاد السودان: غزو الاسلام (لبعض البلاد)
1718,,Prophet Muhammad / hadith,سيرة نبوية / حديث
1719,,conduct: marriage,آداب: نكاح
1720,,genealogy: Mauritania: IdawʿAli,أنساب: موريتانيا: ادواعل
1721,,literature: eulogy: Sīdi al-Mukhtār al-Kuntī,أدب: مدح: سيد المختار الكنتي
1723,,literature: elegy: Aḥmad al-Bakkāʿī al-Kuntī,أدب: رثاء: أحمد البكاي (كناتة)
1724,,jurisprudence / esoteric sciences,فقه / باطنيات
1726,,literature: eulogy: Sultan of Marrākash,أدب: مدح: سلطان مراكش
1727,,literature: eulogy: Baba Ahmad al-Kunti,أدب: مدح: باب أحمد الكنتي
1728,,literature: eulogy: Sidi Ahmad b. Aʿmar (ʿAmār),أدب: مدح: سيد أحمد بن أعمر (عمار)
1730,,literature: eulogy: Hamma al-Amin al-Kunti,أدب: مدح: حم الأمين الكنتي
1731,,jurisprudence / economy,فقه / إقتصاد
1732,,Prophet Muhammad: sunna,سيرة نبوية: سنة
1734,,biography: Muḥammad Yaḥyā b. Salīma al-Walātī,تراجم: محمد يحيي بن سليمة الولاتي
1735,,literature: eulogy: al-Shaykh al-Tijani,أدب: مدح: الشيخ التيجاني
1736,,literature: eulogy: Sīdi Muḥammad b. Sīdi al-Mukhtār al-Kuntī,أدب: مدح: سيد محمد بن سيد المختار الكنتي
1740,,literature: eulogy: Muhammad al-Mustafa,أدب: مدح: محمد المصطفي
1741,,politics / social matters,سياسة / مجتمعية
1742,,jurisprudence / astronomy,فقه / فلك
1744,,jurisprudence / politics,فقه / سياسة
1745,,Sufism: orders: Hamaliyya,تصوف: طرق: حملية
1746,,literature: eulogy: Saʿid b. Muhammad al-Nuri,أدب: مدح: سعيد بن محمد النور
1747,,devotional / ethics,تحنث / أخلاق
1750,,history: Mali: Azawad: Arawan and Taoudeni,تاريخ: مالي: أزواد: أروان وتاودني
1752,,jurisprudence: duties: prayer: Qabd,فقه: عبادات: صلاة: قبض
1753,,jurisprudence: principles / Arabic language: grammar,فقه: أصول / لغة عربية: نحو
1755,,education: license: Qadiriyya,تربية: إجازة: قادرية:
1758,,history: Sahara and Sudan,تاريخ: صحراء والسودان
1759,,logic / Arabic language,منطق / لغة عربية
1764,,literature: boasting,أدب: فخر
1765,,literature: tea,أدب: اتأي
1767,,genealogy: Ahmad b. Ahmad (Amir al-Muʾminun),أنساب: أحمد بن حمد (أمير المؤمنين)
1772,,Sufism: miracles,تصوف: كرامات
1773,,literature: eulogy: Ahmad Sikku b. al-Hajj ʿUmar,أدب: مدح: أحمد سيكو بن الحاج عمر
1777,,literature: eulogy: Ahmad al-Kabir al-Madani,أدب: مدح: أحمد الكبير المدني
1779,,belief / ethics,عقيدة / أخلاق
1780,,literature: eulogy: Ahmad b. al-Hajj ʿUmar,أدب: مدح: أحمد بن الحاج عمر
1784,,jurisprudence: marriage / sales,فقه: نكاح / بيوع
1785,,genealogy: Baba b. Sidi Mhammad b. Baba Ahmad al-Kunti,أنساب: باب بن سيد أمحمد بن باب أحمد الكني
1786,,literature / ethics,أدب / أخلاق
1787,,literature: eulogy: Ibn Hamud,أدب: مدح: ابن حمود
1788,,medicine: study of,طب: علم
1791,,literature: elegy: Mulāy al-Mahdī,أدب: رثاء: مولاي المهدي
1792,,history: Mauritania: Adrar and Shinqit,تاريخ: موريتانية: أدرار وشنجيط
1793,,history / genealogy,تاريخ / أنساب
1794,,history / stories,تايخ / قصص
1796,,literature: eulogy: al-Shadhili,أدب: مدح: الشاذلي
1797,,literature: eulogy: Mulay ʿAbd al-Rahman,أدب: مدح: مولاي عبد الرحمان
1798,,literature: eulogy: Sidi Muhammad b. Lahibib,أدب: مدح: سيد محمد بن لحبيب
1799,,literature: eulogy: ʿAbd Rabba,أدب: مدح: عبد ربه
1801,,literature: eulogy: al-Tijani,أدب: مدح: التيجاني
1806,,literature: eulogy: Amir of Kano,أدب: مدح: أمير كانو
1808,,social matters: smiths,مجتمعية: حدادين
1809,,literature / biography,أدب / تراجم
1810,,belief / esoteric sciences,عقيدة / باطنيات
1811,,ethics / devotional,أخلاق / تحنث
1812,,"literature: eulogy: Sidi Muhammad b. Bakr, Amir Awlad Idawʿaysh",أدب: مدح: سيد محمد بن بكر أمير أولاد اعيش
1813,,history / geography,تاريخ / جغرافيا
1814,,jurisprudence / education,فقه / تربية
1815,,Prophet Muhammad / astronomy,سيرة نبوية / فلك
1816,,philosophy,فلسفة
1819,,literature: elegy: Sīdi al-Mukhtār b. Aʿmar  b. Aḥmad al-Raqqādī (al-Kuntī),أدب: رثاء: سيد المختار بن أعمر بن أحمد الرقادي
1820,,Arabic language / Qurʾan,لغة عربية / قرآن
1821,,jurisprudence / social matters,فقه / مجتمعية
1824,,genealogy: Mauritania: tribes,أنساب: موريتانيا: قبائل
1825,,literature: eulogy: Ahl Wafi (Kunti),أدب: مدح: أهل الوافي (كناتة)
1826,,hadith / jurisprudence / Sufism,حديث / فقه / تصوف
1827,,politics: colonialism,سياسة: إستعمار
1828,,economy: trade,إقتصاد: تجارة
1829,,jurisprudence / social matters: guests,فقه / مجتمعية: ضيوف
1832,,jurisprudence / social matters: slaves,فقه / مجتمعية: عبيد
1833,,literature: elegy: al-Ṣiddīq b. Muḥammad b. ʿAlī b. Aḥmad,أدب: رثاء: الصديق بن محمد بن علي بن أحمد
1835,,history: Maghrib: Sharifian,تاريخ: المغرب: الشرفاء
1837,,jurisprudence: diverse: prayer / sales,فقه: متعدد: صلاة / بيوع
1838,,literature: elegy: Sīdi ʿAlī b. ʿAbd al-Raḥmān al-Anṣāri,أدب: رثاء: سيد اعل بن عبد الرحمان الأنصاري
1839,,science: agriculture,علوم: زراعة
1840,,hadith (and sunna),حديث (والسنة)
1841,,literature: eulogy: Ahl Aḥmad,أدب: مدح: أهل أحمد
1842,,literature: elegy: Shaykh Bāy al-Kuntī,أدب: رثاء: شيخ باي الكنتي
1843,,"history: Mali: Arawan, people of",تاريخ: مالي: أهل أروان
1845,,literature: eulogy: Aḥmad al-Bakkāʿī (al-Kuntī),أدب: مدح: أحمد البكاي (كناتة)
1846,,jurisprudence / politics: colonialism,فقه / سياسة: إستعمار
1848,,Arabic language: rhetoric: metaphor,لغة عربية: بلاغة: استعارة
1850,,literature: eulogy: Ahl Sidi al-Mukhtar,أدب: مدح: أهل سيد المختار
1851,,jurisprudence: duties: hijra,فقه: عبادات: هجرة
1854,,conduct: tea drinking,آداب: شرب الشاي
1855,,ethics / belief,أخلاق / عقيدة
1856,,literature: eulogy: Sidi Hamad b. Sidi Muhammad b. Sidi al-Mukhtar,أدب: مدح: سيد حماد بز سيد محمد بن سيد المختار
1859,,literature: eulogy: Muhammad al-Faqih,أدب: مدح: محمد الفقيه
1860,,Arabic language and Turkish: rhetoric: metaphor,لغة عربية ولغة تركية: بلاغة: استعارة
1861,,Arabic language: ʿajami: Turkish,لغة عربية: عجمي: لغة تركية
1862,,Arabic language: ʿajami: lexicon: Fulfulde dictionary,لغة عربية: عجمي: معجم: لغة فلانية: قاموس
1863,,literature: eulogy: Muhammad b. ʿAbd al-Rahman b. Hisham,أدب: مدح: محمد بن عبد الرحمان بن هشام
1864,,history / economy,تاريخ / إقتصاد
1867,,jurisprudence: property,فقه: حيازة
1868,,jurisprudence: transactions: religious bequests,فقه: معاملات: وقف: حبس
1869,,jurisprudence: duties: purification: ritual purity / sales,فقه: عبادات: طهارة / بيوع
1872,,literature / Sufism,أدب / تصوف
1873,,jurisprudence: sanctions: plundered property,فقه: عقوبات: مال مغصوب
1874,,jurisprudence: adjudication: animals: goats,فقه: قضاء: حيوانات: اغنام
1876,,medicine / astronomy,طب / فلك
1877,,literature: eulogy: Sīdi Wafī,أدب: مدح: سيد الوري
1878,,literature: eulogy: Mūlāy Ismāʿīl,أدب: مدح: مولاي اسماعيل
1879,,literature: eulogy: the two Wankarīs,أدب: مدح: الونكريين
1880,,jurisprudence: marriage: slaves: marriage portion,فقه: نكاح: عبيد: صداق
1881,,jurisprudence / economy / social matters,فقه / إقتصاد / مجتمعية
1882,,social matters / economy,مجتمعية / إقتصاد
1884,,literature: eulogy: sl-Shaykh al-Mundhir,أدب: مدح: الشيخ المنذر
1885,,ethics / social matters,أخلاق/ مجتمعية
1888,,esoteric sciences / astronomy,باطنيات / فلك
1891,,literature: eulogy: ʿAbd Allāh b. Sīdi Muḥammad al-Jīrī,أدب: مدح: عبد الله بن سيد محمد الجيري
1893,,social matters / jurisprudence,مجتمعية / فقه
1894,,Sufism / literature,تصوف / أدب
1895,,Arabic language: ʿajami: Songhay: rhetoric,لغة عربية: عجمي: لغة السنغي: بلاغة
1897,,literature: eulogy: al-Shaykh Hamad,أدب: مدح: الشيخ حماد
1899,,devotional: birthday of the Prophet,تحنث: مولد النبي
1900,,literature: eulogy: the two Kaolack shaykhs,أدب: مدح: الكولخيين
1901,,Sufism / devotional,تصوف / تحنث
1902,,literature: eulogy: al-Shaykh Sadid,أدب: مدح: الشيخ سديد
1903,,ethics / jurisprudence,أخلاق/ فقه
1904,,literature: eulogy: Awlad Ghaylan,أدب: مدح: أولاد غيلان
1905,,politics / economy / social matters,سياسة / إقتصاد / مجتمعية
1906,,jurisprudence: adjudication: animals,فقه: قضاء: حيوانات
1907,,jurisprudence / politics / social matters,فقه / سياسة / مجتمعية
1908,,politics / social matters / history,سياسة / مجتمعية / تاريخ
1909,,Sufism / history,تصوف / تاريخ
1911,,literature: eulogy: Zayn al-Jabahī,أدب: مدح: زين الجبهي
1912,,literature: eulogy: Sidi al-Mukhtar,أدب: مدح: سيد المختار
1913,,literature: eulogy: Zayn,أدب: مدح: زين
1914,,literature: eulogy: Sidi ʿĀlī,أدب: مدح: سيد عالي
1915,,literature: eulogy: Muhammad al-Hawsawi,أدب: مدح: محمد الهوساوي
1919,,literature: eulogy: al-Maymun b. Hamad,أدب: مدح: الميمون بن حماد
1920,,literature: eulogy: al-Amin b. Muhammad b. Sidi al-Mukhtar,أدب: مدح: الأمين بن محمد بن سيد المختار
1921,,jurisprudence / medicine,فقه / طب
1922,,Arabic language: ʿajami: Songhay,لغة عربية:  عجمي: لغة سونغاي
1923,,jurisprudence: diverse: insurance,فقه: متعدد: تامين
1925,,"literature: eulogy: Muhammad ""Akhat""","أدب: مدح: محمد ""اكحت"""
1928,,hadith / Qurʾan,حديث / قرآن
1929,,medicine / ethics,طب / أخلاق
1930,,literature: eulogy: al-Shaykh Sidid al-Inakanduri,أدب: مدح: الشيخ سيديد الانكندري
1931,,social matters / jurisprudence: lawful & unlawful: stimulants,مجتمعية / فقه: الحلال والحرام: مكيفات
1932,,literature: elegy: Muḥammad Ṭāhar,أدب: رثاء: محمد ظاهر
1933,,literature: eulogy: al-Shaykh Sidi Ahmad,أدب: مدح: الشيخ سيد أحمد
1934,,"literature: eulogy: Sidi Muhammad b. Amhamd, Amir al-Barabish",أدب: مدح: سيد محمد بن امهمد أمير البرابيش
1937,,literature: eulogy: Sidi Muhammad,أدب: مدح: سيد محمد
1938,,jurisprudence: adjudication: legal opinions: slavery,فقه: قضاء: فتاوي: عبد
1939,,literature: elegy: al-Shaykh Aḥmad b. Aʿmar (al-Yūnusī al-Walātī),أدب: رثاء: الشيخ أحمد بن أعمر
1940,,literature: elegy: Lāyla ʿAīsha bint al-Āzra,أدب: رثاء: لاله عيشة بنت الأزرق
1941,,jurisprudence: marriage: dispute between wives,فقه: نكاح: نزاع بين زوجين
1942,,literature: eulogy: Muhammad Mahmud b. al-Shaykh,أدب: مدح: محمد محمود بن الشيخ
1943,,jurisprudence: adjudication: animals: horses,فقه: قضاء: حيوانات: أفراس
1944,,politics / economy,سياسة / إقتصاد
1945,,literature: eulogy: Bahi b. Sidi Aʿmar,أدب: مدح: با بن سيد اعمر
1946,,literature: eulogy: Sharīf Yusmī ʾAb Mūlāy al-Ḥasan,أدب: مدح: شريف يسمي أب مولاي الحسن
1947,,Sufism / social matters,تصوف / مجتمعية
1949,,literature: eulogy: Hamad b. Muhammad,أدب: مدح: حماد بن محمد
1950,,literature: eulogy: several,أدب: مدح: متعدد
1951,,literature: eulogy: Sidi Aʿmar & others,أدب: مدح: سيد أعمر
1952,,literature: eulogy: Sidi b. Baba Ahmad b. Sidi Aʿmar,أدب: مدح: سيد بن باب أحمد بن سيد أعمر
1953,,literature: eulogy: Hajubid b. Hanun b. al-ʿArawani,أدب: مدح: هجو بيد بن هنون بن بيد العلوشي
1956,,"Qurʾan: recitation: articulation: the letter ""dad""",قرآن: تجويد: مخارج الحروف: نطق الضاد
1957,,literature: elegy: Sīdi Yahya al-Wankarī,أدب: رثاء: سيد يحي الونكري
1959,,jurisprudence: sanctions: theft,فقه: عقوبات: سرقة
1960,,conduct: coffee drinking,آداب: شرب القهوة
1963,,literature: ʿajami: Fulfulde,أدب: عجمي: لغة فلانية
1965,,jurisprudence: lawful & unlawful: animals,فقه: الحلال والحرام: حيوانات
1967,,politics: warfare (between Awlād ʿAlūsh and Ijmād),سياسة: محاربة (بين أولاد علوش و اجماد)
1969,,literature: eulogy: Muhammad al-Hashimi b. Alfa Hamm b. Saʿid al-Futi,أدب: مدح: محمد الهاشمي بن ألفا هم بن سعيد الفوتي
1970,,literature: elegy: ʿUthmān b. al-Ḥājj,أدب: رثاء: عثمان بن الحاج
1973,,jurisprudence: transactions: gifts,فقه: معاملات: هبات
1978,,jurisprudence: marriage / inheritance,فقه: نكاح / ميراث
1979,,literature: elegy: Bāba Aḥmad,أدب: رثاء: باب أحمد
1980,,"literature: eulogy: Ahmad b. Ahmad, Amir al-Muʾminin",أدب: مدح: أحمد بن أحمد أمير المؤمنين
1982,,esoteric sciences / Sufism,باطنيات/ تصوف
1983,,literature: eulogy: al-Sadiq b. Muhammad b. al-Bukhari,أدب: مدح: الصديق بن محمد بن البخاري
1984,,science: human body: exercise,علوم: جسم الانسان: رياضيات
1986,,literature: eulogy: Shaykh Ahmad,أدب: مدح: السيخ أحمد
1987,,literature: eulogy: al-Qadi Ahmad Baba b. Abi al-ʿAbbas,أدب: مدح: القاضي أحمد باب بن أبي العباس
1991,,jurisprudence: marriage: wives,فقه: نكاح: زواج
1992,,literature: eulogy: Alfa ʿUthman b. Ahmad,أدب: مدح: ألفا عثمان بن أحمد
1993,,science: agriculture: millet (names of),علوم: زراعة: زرع (أسماء)
1994,,science: agriculture: plants (names of),علوم: زراعة: نباتات (أسماء)
1995,,medicine: veterinary,طب: بيطرة
1996,,Qurʾan: praise of,قرآن: مدح
1997,,literature: eulogy: Baba b. al-Shaykh,أدب: مدح: باب بن الشيخ
1998,,literature: eulogy: Hamadi b. al-Khalil al-Jabahi,أدب: مدح: حمادي بن الخليل الجبهي
2000,,literature: eulogy: Sidi Aʿlī b. Aḥmad,أدب: مدح: سيد أعل بن أحمد
2001,,literature: eulogy: Shaykh Abu al-ʿAbbas,أدب: مدح: الشيخ أبي العباس
2002,,literature: eulogy: Muhammad Hamud b. al-Shaykh al-Arawani,أدب: مدح: محمد حمود بن الشيخ الأرواني
2003,,literature: eulogy: Shaykh ʿUmar al-Futi & Sidi Ahmad al-Bakkāʿī (al-Kunti),أدب: مدح: شيخ عمر الفوتي سيد أحمد البكائي
2005,,biography: Abu al-ʿAbbas Ahmad b. Jaʿfar al-Sabti,تراجم: أبي العباس أحمد بن جعفر السبتي
2006,,literature: eulogy: ʿUmar b. Saʿīd al-Fūtī (al-Ḥājj ʿUmar),أدب: مدح: الحاج عمر بن سعيد الفوتي
2007,,literature: eulogy: Yahya b. Saʿid al-Dawadi,أدب: مدح: يحيي بن سعيد الداودي
2008,,literature: eulogy: Muhammad b. Baba & Ibn ʾAb,أدب: مدح: محمد بن باب وابن أب
2009,,genealogy / jurisprudence: lawful & unlawful: stimulants,أساب / فقه: الحلال والحرام: مكيفات
2010,,literature: eulogy: Sidi Yalaj b. Yaki Talif,أدب: مدح: سيد يلج بن يركي تلف
2011,,literature: elegy: Muḥammad Kūrī,أدب: رثاء: محمد كوري
2012,,literature: eulogy: Muhammad Bello al-Fudi,أدب: مدح: محمد بل فودي
2013,,biography: ʿAbd al-Qadir,تراجم: عبد القادر
2014,,politics: warfare,سياسة: حروب
2015,,literature: eulogy: Ibn Fudi,أدب: مدح: ابن فودي
2016,,Arabic language: ʿajami: Songhay & Tamashaq,لغة عربية: عجمي: لغة سنغاي ولغة تاماشق
2018,,literature / esoteric sciences,أدب / باطنيات
2021,,literature: elegy: Sīdiyya b. al-Mukhtār b. al-Hayba  (al-Intishāʾī),أدب: رثاء: سيديا بن المختار بن الهيبه
2022,,literature: eulogy: Zayn b. ʿAbd al-ʿAziz al-Jabahi,أدب: مدح: زين بن عبد العزيز الجبهي
2023,,literature: congratulation,أدب: تهنئة
2024,,literature: eulogy: Ahmad Baba b. Abi al-ʿAbbas,أدب: مدح: أحمد بابا بن ابي العباس
2025,,literature: eulogy: Ahmad al-Tijani,أدب: مدح: أحمد التيجاني
2028,,literature: eulogy: Muhammad Ahmad Baba al-Khirshi,أدب: مدح: محمد أحمد بابا الخرشي
2029,,economy: adjudication: animals: camels,فقه: قضاء: حيوانات: أجمال
2030,,literature: eulogy: al-Zayn b. ʿAbd al-ʿAziz al-Jabahi,أدب: مدح: الزين بن عبد العزيز الجبهي
2034,,belief / history,عقيدة / تاريخ
2035,,genealogy / history,أنساب / تاريخ
2036,,literature: eulogy: ʿAbd al-ʿAzīz al-Jabahī,أدب: مدح: عبد العزيز الجبهي
2037,,biography: Ibn Salima al-Walati,تراجم: ابن سليمة الولاتي
2038,,literature: eulogy: al-Tahir ibn al-Mahdi,أدب: مدح: الطاهر ابن المهدي
2039,,hadith / biography,حديث / تراجم
2040,,"literature: eulogy: al-Mahdi, Amir of the Kel-Intesar",أدب: مدح: المهدي أمير كلنتصر
2041,,literature: elegy: Muḥammad al-Mukhtār b. al-Ḥabīb al-ʿAlawī,أدب: رثاء: محمد المختار بن الحبيب العلوي
2042,,literature: elegy: ʿUmar b. Muḥammad al-Amīn Ṣanuf,أدب: رثاء: عمر بن محمد الأمين صنف
2045,,"literature: elegy: Aḥmad, Amīr al-Muʾminīn",أدب: رثاء: أحمد أمير المؤمنين
2046,,literature: eulogy: Yusuf al-Kanawi al-Fullati,أدب: مدح: يوسف الكنوي الفلاتي
2047,,literature: eulogy: Alfa Muhammad b. Ahmad Kanati,أدب: مدح: ألفا محمد بن أحمد كناتي
2048,,jurisprudence / belief / logic,فقه / عقيدة / منطق
2049,,literature: eulogy: Ahmadu Ahmadu,أدب: مدح: أحمد أحمد
2050,,literature: eulogy: Sidayd al-Kaladi,أدب: مدح: سديد الكلادي
2052,,literature: eulogy: Mūlāy  Aḥmad b. Mūlāy  ʿAbd Allāh,أدب: مدح: مولاي أحمد بن مولاي عبد الله
2053,,literature: elegy: ʿĀysha bint Alfā ʿUmar al-Janāwī,أدب: رثاء: عاءشه بنت ألفا عمر الجناوي
2057,,literature: eulogy: al-Tahir b. al-Mahdi al-Ansari,أدب: مدح: الطاهر بن المهدي الأنصاري
2058,,Prophet Muhammad: wives (and diverse other),سيرة نبوية: أزواج النبي (ومتعدد غيرها)
2059,,literature: eulogy: Muhammad Yahya b. Salim,أدب: مدح: محمد يحيي بن سليم
2061,,literature: elegy: Sīdi ʿAlī b. Sīdi ʿUmar al-Arawānī,أدب: رثاء: سيد عالي بن سيد عمار الأرواني
2062,,literature: elegy: ʿAbd al-Wahhāb al-Taknī,أدب: رثاء: عبد الوهاب التكني
2063,,literature: eulogy: Sidi Ahmad al-Sayd al-Arawani,أدب: مدح: سيد أحمد الصيد الأروني
2064,,bibliography / education: license,ببليوغرافيا / تربية: إجازة
2065,,literature: eulogy: Ibn Mayaba al-Jakani,أدب: مدح: ابن مايابي الجكني
2066,,literature: eulogy: Ahmad b. Muhammad Hafiz al-Shinqiti,أدب: مدح: أحمد بن محمد الحفظ الشنقيطي
2067,,literature: eulogy: ʿUthmān b. Muḥammad Fūdī (Usman Dan Fodio),أدب: مدح: عثمان بن فودي
2068,,literature: eulogy: Mūlāy ʿAli,أدب: مدح: مولاي اعلي
2069,,hadith / Sufism,حديث / تصوف
2070,,literature: eulogy: Sīdi Yaḥyā al-Wankarī,أدب: مدح: سيد يحيي الونكري
2071,,literature: eulogy: Ahmad b. Sanab al-Fulani,أدب: مدح: أحمد بن صنب الفلاني
2073,,literature: eulogy: Abu Khayr b. al-Ḥālla al-Ārawanī,أدب: مدح: أبو الخير بن الحاة الأروني
2075,,literature: elegy: Zayn b. ʿAbd al-Azīz,أدب: رثاء: زين بن عبد العزيز
2077,,politics: warfare: Kunta & Idaw al-Hajj,سياسة: محاربة: كنتة واداو الحاج
2081,,literature: censure,أدب: لومة
2084,,jurisprudence: lawful & unlawful: apostacy,فقه: الحلال والحرام: ردة
2086,,literature: elegy: Imām al-Suyuṭī,أدب: رثاء: الامام السيوطي
2087,,literature: elegy: Bāba Wānkarī,أدب: رثاء: باب وانكري
2088,,literature: elegy: al-Qāḍī  Aḥmad Bābā b. Abī  al-ʿAbāss,أدب: رثاء: القاضي أحمد بابا أبي العباس
2089,,economy: census: private property,إقتصاد: إحصاء: مال خاص
2090,,jurisprudence: diverse: found objects,فقه: متعدد: الاقيطة
2091,,"literature: eulogy: Muhammad ʿAli b. al-Tahir, Amir Kelintisar",أدب: مدح: محمد علي بن الطاهر أمير كلنتصر
2093,,"literature: eulogy: al-Tahir b. al-Mahdi, Amir Kalintisar",أدب: مدح: الطاهر بن المهديي أمير كلنتصر
2095,,literature: eulogy: Ahmad b. Bulʿaraf al-Takni,أدب: مدح: أحمد بن نولعراف التكني
2096,,literature: elegy: Amīr Ahl Arawān,أدب: رثاء: أمير أهل أروان
2097,,literature: elegy: Sīdi Aḥmad b. Aʿmar b. Aḥmad al-Raqqādī (al-Kuntī),أدب: رثاء: سيد أحمد بن أعمر  بن أحمد الرقادي
2098,,literature: eulogy: Amir Massina,أدب: مدح: أمير ماسنة
2100,,literature: eulogy: al-Shaykh al-Tahir,أدب: مدح: الشيخ الطاهر
2102,,economy: salt,إقتصاد: ملح
2103,,history: Mali: Timbuktu,تاريخ: مالي: تنبكت
2104,,literature: eulogy: Ahmad b. Muhammad al-Amin,أدب: مدح: أحمد بن محمد الأمين
2105,,jurisprudence: duties: prayer: in mosques,فقه: عبادات: صلاة: مساجد
2106,,literature: elegy: Aʿmar b. Muḥammad al-Muṣṭafa b. Aḥmad al-Raqqā,أدب: رثاء: سيد أعمر بن محمد المصطفي بن أحمد الرقا
2108,,literature: eulogy: al-Tijani b. Muhammad b. Muhammad al-Amin,أدب: مدح: التيجاني بن محمد بن محمد الأمين
2110,,literature: elegy: Aḥmad b. Abī Bakr al-Māsinī,أدب: رثاء: أحمد بن أبي بكر الماسني
2111,,literature: elegy: Mūlāy ʿAli b. Mūlāy ʿAbd al-Salām al-Tuwātī,أدب: رثاء: مولاي اعلي بن مولاي عبد السلام التواتي
2114,,"literature: eulogy: Ahmad, Amir al-Muʾminun",أدب: مدح: أحمد أمير المؤمنين
2116,,literature: eulogy: Sidi Muhammad al-Kunti and al-Bakkay,أدب: مدح: سيد محمد الكنتي والبكاي
2119,,literature: elegy: Shuʿayb dan al-Amīr (Sarkī) Muḥammad,أدب: رثاء شعيب بن الأمير محمد
2122,,Sufism: orders: Tijaniyya: spiritual counsel,تصوف: طوق: تجانية: وعظ وإرشاد
2124,,Sufism: orders: Qadiriyya: hagiography,تصوف: طوق: قادرية: مناقب
2125,,esoteric sciences: geomancy / astrology,باطنيات: خط الرمل/ تنجيم
2128,,Sufism: orders: Tijaniyya: travel,تصوف: طوق: تجانية: رحلة
2129,,hadith: selections: conduct,حديث: مختارات آداب
2130,,hadith: selections: dhikr,حديث: مختارات ذكر
2132,,Sufism: orders: Tijaniyya: virtues of Ibrāhīm Niyās al-Kawlakhī,تصوف: طوق: تجانية: مناقب إبراهيم نيلس
2133,,Sufism: orders: Tijaniyya: response,تصوف: طوق: تجانية: رد
2145,,Sufism: orders: Muridiyya: piety,تصوف: طوق: مريدية: تقوى
2146,,Sufism: orders: Muridiyya: devotional,تصوف: طوق: مريدية: تحنث
2147,,Sufism: orders: Muridiyya: intercession,تصوف: طوق: مريدية: توسل
2148,,Sufism: orders: Muridiyya: litany,تصوف: طوق: مريدية: ورد
2149,,devotional: intercession: the Qurʾan,تحنث: توسل: القرءان
2151,,devotional: invocation: Qurʾan,تحنث: أدعية: قرءان
2153,,devotional: invocation: Tijaniyya:,تحنث: أدعية: تجانية
2154,,ethics: spiritual counsel / exhortation,أخلأق: وعظ / إرشاد
2155,,belief: fasting: laylat al-qadr,عقيدة: صيام: ليلة القدر
2157,,literature: riḥla / travel: Sufism,أدب: رحلات: تصوف
2158,,history: Ghana,تاريخ: غانا
2161,,Sufism: orders: Muridiyya: comportment,تصوف: طوق: مريدية: أدب
2164,,literature: study of,أدب: دراسة
2165,,history: Mali: Djenne,تاريخ: مالي: جنى
2166,,history: Nigeria: Islam in Nigeria,تاريخ: نيجيريا: الإسلام في نيجيريا
2170,,biography: Ibrahim Salih,تراجم: إبراهيم صالح
2171,,jurisprudence: economy,فقه: اقتصاد
2172,,history: Nigeria: Christian missions,تاريخ: نيجيريا: تبشير مسيحي
2174,,Sufism: litanies,تصوف: أوراد
2176,,Sufism: orders: Tijaniyya: eulogy: Ibrahim Salih,تصوف: طوق: تجانية: مدح: إبراهيم صالح
2178,,devotional: invocation: Muridiyya,تحنث: أدعية: مريدية
2179,,Sufism: orders: Tijaniyya Hamawiyya,تصوف: طوق: تجانية حموية
2180,,Sufism: orders: Tijaniyya: prayer on the Prophet,تصوف: طوق: تجانية: صلاة على النبي
2181,,Sufism: orders: Nasiriyya: litanies,تصوف: طوق: ناصرية: أوراد
2182,,devotional: supererogatory acts: remittance of sins,تحنث: نوافل: تقوى: تكفير الذنوب
2183,,hadith: selections: tombs,حديث: مختارات: قبور
2188,,literature: riḥla / travel: Tijaniyya,أدب: رحلات / تجانية
2189,,history: Fulani: clans,تاريخ: الفلانيين: قبائل الفلاتة
2190,,history: Mali: al-Hajj ʿUmar,تاريخ: مالي: الحاج عمر
2192,,biography: ʿAbd al-Karim al-Maghili,تراجم: عبد الكريم المغيلي
2193,,history: Ghana: Kumasi,تاريخ: غانا: كوماسي
2194,,Sufism: orders: Qadiriyya: virtues,تصوف: طوق: قادرية: فضائل
2196,,history: Ghana: Salaga,تاريخ: غانا: سلغ
2197,,history: Ghana: Gonja,تاريخ: غانا: غنجا
2198,,literature: elegy: al-Ḥājj Labbū,أدب: رثاء: الحاج لبو
2199,,literature: praise: Tetemu zongo,أدب: مدح: أهل زنغو تيتيمو
2200,,ethics: comportment: asceticism,أخلاق: سلوك: زهد
2201,,belief: Ashʿarism,عقيدة: أشعرية
2203,,history: Ghana: Wa,تاريخ: غانا: وا
2204,,Sufism: orders: Tijaniyya: eulogy: Mahmud Jeliya,تصوف: طوق: تجانية: مدح: محمود جليا
2205,,history: Ghana: Asante,تاريخ: غانا: عشنتي
2207,,history: Ghana: Daboya,تاريخ: غانا: دبويا
2211,,literature: elegy: al-Ḥājj Yaḥyā,أدب: رثاء: الحاج يحيى
2213,,Sufism: counsel,تصوف: إرشاد
2214,,devotional / history,تحنث / تاريخ
2215,,literature: eulogy: Mahmud Karantaw,أدب: مدح: محمود كرنتو
2219,,Sufism: orders: Tijaniyya: elegy: Muhammad b. ʿUthman,تصوف: طوق: تجانية: رثاء: محمد بن عثمان
2220,,history: Bilad al-Sudan: Watara,تاريخ: بلاد السودان: وترا
2221,,history: Ghana: Gyaman,تاريخ: غانا: غمن
2222,,history: Ghana: Kamaratay,تاريخ: غانا: كمقتي
2223,,hadith: selections: Friday,حديث: مختارات: يوم الجمعة
2224,,literature: eulogy: al-Ḥājj Ṣāliḥ,أدب: مدح: الحاج صالح
2225,,hadith: selections: knowledge,حديث: مختارات: علم
2227,,devotional: counsel & guidance,تحنث: وعظ وإرشاد
2232,,science / esoteric sciences,علوم / باطنيات
2234,,belief / advice,عقيدة / وعظ
2236,,devotional: counsel: asceticism,تحنث: وعظ: زهد
2238,,Sufism: orders: Tijaniyya: ijaza,تصوف: طوق: تجانية: إخازة
2239,,history: Bilad al-Sudan: Fulani,تاريخ: بلاد السودان: فلاتى
2240,,history: Ghana: al-Hajj ʿUmar of Kete-Krachi,تاريخ: غانا: الحاج عمر كيتى كراثي
2241,,literature: eulogy: Jabril b. ʿUmar ʿUthman b. Fudi,مدح: جبريل بن عمر عثمان بن فودي
2242,,literature: eulogy: al-Hajj ʿUmar of Kete-Krachi,أدب: مدح: [الحاج عمر كيتى كراثي]
2243,,literature: eulogy:  Ibn Mikal,أدب: مدح: ابن مكال
2245,,"literature: eulogy: Ṣallū, Sarkin Zongo",أدب: مدح: صلو سركن زنغو
2247,,literature: satire,أدب: هجاء
2248,,education: chain of authority: Idris b. Yaʿqub,تربية: سلسلة: إدريس بن يعقوب
2251,,history: Ghana: Wala,تاريخ: غانا: ولا
2252,,Arabic language: grammar: syntax,لغة عربية: نحو: إعراب
2254,,history: Ghana: Begho,تاريخ: غانا: بيغو
2255,,history: Ghana: Bonduku,تاريخ: غانا: بنطق
2256,,"literature: eulogy: Musa, Amir Dagomba",أدب: مدح: موسى أمير دغنبا
2257,,education: license: Qurʾan / hadith,تربية: إجازة: قرءان / حديث
2259,,devotional: praise: Islam,تحنث: مدح
2260,,ethics: comportment: repentance,أخلاق: سلوك: توبة
2262,,Sufism: orders: Tijaniyya: Kano,تصوف: طوق: تجانية: كنو
2263,,ethics: work,أخلاق: صناعة
2264,,history: Nigeria: events: rain,تاريخ: نيجيريا: حوادث: مطر
2265,,Sufism / lyrical love,تصوف غزل
2266,,devotional: names of the Prophet,تحنث: أسماء النبي
2270,,Sufism: orders: Qadiriyya: hagiography: ʿAbd al-Qadir al-Jaylani,تصوف: طرق: القادرية: مناقب: عبد القادر الجيلاني
2272,,devotional: repentance,تحنث: توبة
2273,,Sufism: orders: Tijaniyya: elegy: Muhammad Salagha,تصوف: طوق: تجانية: رثاء: محمد سلغ
2274,,Sufism: orders: Tijaniyya: elegy: ʿAbd Allah b. Muhammad Salagha,تصوف: طوق: تجانية: رثاء: عبد الله بن محمد سلغ
2275,,literature: eulogy: Amir Muhammad Sanusi,أدب: مدح: أمير محمد سنوسي
2277,,literature: elegy: Muḥammad dan Almājirī,أدب: رثاء: محمد طن ألماجري
2278,,Sufism: orders: Tijaniyya: Nigeria,تصوف: طوق: تجانية: نيجيريا
2280,,Sufism: orders: Tijaniyya: gnosis,تصوف: طوق: تجانية: معرفة
2288,,belief: eschatology / Sufism: exhortation,عقيدة: علوم الآخرة /  تصوف :وعظ
2296,,literature: elegy: visiting graves,أدب: رثاء : زيارة القبور
2297,,literature: eulogy: ʿUmar al-Fūṭī al-Tijānī,أدب: مدح: عمر الفوطى التجانى
2298,,literature: eulogy: al-Hajj Salih b. Muhammed (of Jensne),أدب: مدح: الحاج صالح محمد
2300,,literature: eulogy: Salih b. Muhammad,أدب: مدح: صالح بن محمد
2301,,literature: eulogy: Fodio family,أدب: مدح: آل فودى
2304,,literature: eulogy: Amir Ghadanfar,أدب: مدح: أمير غضنفر
2305,,literature: eulogy: Amir Ghadanfar Salwa,أدب: مدح: أمير غضنفر
2307,,history: Fulani: Futa,تاريخ: الفلانيين: فوطة
2308,,history: Ghana: Dagomba,تاريخ: غانا: دغبا
2309,,literature: praise: of Islam,أدب: مدح: إسلام
2311,,history: Bilad al-Sudan: spread of Islam,تاريخ: بلاد السودان: إنتشار الإسلام
2312,,history: Ghana: Bonduku: living with Christians,تاريخ: غانا: بندكو: العيش مع النصارى
2313,,history: Mampassi,تاريخ :مومباسا
2314,,literature: eulogy: the pious of Gambaga,أدب: مدح: الصالحين من جامبجا
2315,,history: Ghana: Bawku Zongo,تاريخ: غانا: ذنغ بكوا
2316,,history: Ghana: Jakpa & Ashanti,تاريخ: غانا: جاكبا و اشنتيس
2317,,history: Ghana: Kpembe,تاريخ: غانا: كنب
2318,,history: Ghana: Layfo,تاريخ: غانا: ليف
2319,,history: Ghana: Kawosi,تاريخ: غانا: كواسو
2321,,belief: theology / jurisprudence: legal opinions,عقيدة: توحيد/ فقه: فتاوى
2323,,history: Ghana: Namasa,تاريخ: غانا: نماسا
2324,,"history: Nigeria: Hausa, Bornu",تاريخ: نيجيريا: هوسا: برنو
2325,,history: Nigeria: Ilorin,تاريخ: نيجيريا: إلورن
2326,,education: license Tijaniyya,تربية: إجازة تجانى
2328,,Sufism: orders: Tijaniyya (ii) history: Sansanne Mango,{1} تصوف: طوق: تجانى {2} تاريخ:
2329,,history: Ghana: Dourouli,تاريخ: غانا: درور
2330,,history: Mossi,تاريخ: موثي
2332,,"jurisprudence: inheritance, Maliki",فقه: ميراث مالكى
2333,,biography: Muhammad b. Saʾyd and Shaihu b. Yaʾqub,تراجم: محمد بن سعيد و شيهو بن يعقوب
2335,,history: events: colonialism,تاريخ: حوادث: إستعمار
2336,,belief: prophets: ʿIsa (Jesus),عقيدة: أنبياء: عيسى
2337,,devotional: praise of Ali,تحنث: مدح على
2338,,history: Ghana: Yendi,تاريخ: غانا: يند
2340,,devotional: invocation: esoteric science: numerology,تحنث: أدعية. باطنيات: حساب
2342,,"jurisprudence: marriage: conception, period for",فقه: نكاح: مدة الحمل
2343,,Sufism: litanies: silsila,تصوف: أوراد، سلسلة
2346,,esoteric sciences: charms,باطنيات: رقى
2347,,Sufism: orders: Qadiriyya: silsila,تصوف: طوق: قادرية: سلسلة
2348,,esoteric sciences: charms / politics: administrative,باطنيات: رقى/ سياسة: إدارة
2354,,"hadith: al-Bukhari, index",حديث: البخاري فهرست
2356,,education: chain of authority: Qurʾan: exegesis,تربية: إجازة، قرآن: تفسير
2358,,history: Ghana: Attebubu,تاريخ: غانا: اتبوبوبنوا
2361,,conduct / ethics,آداب / أخلاق
2365,,history: Nigeria: Bauchi,تاريخ: نيجيريا: بوش
2368,,Qurʾan: sciences of: grammar,‬قرءان: علوم القرءان: نحو
2369,,belief: theology: scholastic,‬عقيدة: توحيد: كلام
2374,,Qurʾan: proclaimation,قرآن: ‬إعراب
2377,,Arabic language: grammar / rhetoric,‬لغة عربية: نحو /  ‬بلاغة
2379,,correspondence (undefined),مراسلة
2380,,Arabic language: ʿajami text (language not identified),لغة عربية: عجمي
2382,,history: struggle between Mecca and Madina,تاريخ: التنافس بين مكة والمدينة
2383,,Qurʾan: selections: examination of,قرآن: مختارات: خواص
2384,,Qurʾan: selections: in ʿajamī,قرآن: مختارات: خواص: مع العجمية
2385,,conduct: benefits (fawāʾid),آداب: فوائد
2386,,Qurʾan: benefits of,قرآن:  فوائد
2387,,esoteric sciences: invocation of names,باطنيات: أسماء
2388,,devotional: invocation: ʿAbd al-Qadir al-Jaylani,تحنث: أدعية: عبد القادر الجيلاني
2389,,esoteric sciences: spells,باطنيات: العزائم
2390,,Prophet Muhammad: midnight journey to the seven heavens,سيرة نبوية: المعراج
2391,,devotional: supplication,تحنث: دعاء
2392,,devotional: supplication: forgiveness,حنث: دعاء: استغفار
2393,,Arabic language: ʿajami: Hausa morphology,لغة عربية: عجمي: لغة حوسية: صرف
2394,,Sufism: seance,تصوف: اختلاج
2395,,esoteric sciences: secrets (in ʿajami),باطنيات: أسرار (مع العجمية)
2396,,esoteric sciences: secrets: in the Qurʾan,باطنيات: أسرار: القرآنية
2397,,esoteric sciences: secrets: in names,باطنيات: أسرار: أسماء
2398,,devotional: intercession: in the names of Allah,حنث: توسل بأسماء الله
2400,,esoteric sciences: good omens,باطنيات: فأل
2401,,science,علوم عامة
4521,,jurisprudence: marriage: contract,فقه: نكاح: شروط
4522,,literature: history of: Arabic poetry,أدب: تاريخ: شعر
4531,,conduct: quest for knowledge,آداب: طلب العلم
4533,,ethics: comportment: funerals,أخلاق: سلوك: الجنائز
4534,,ethics: reciting,أخلاق: قراءة
4547,,literature / biography: poets,أدب / تراجم: شعراء
4556,,biography: al-Mukhtar al-Salim,أدب: سيرة ذاتية
4558,,literature: poetry: Hassaniyya verse,أدب: شعر: حساني
4559,,literature: poetry: study of,أدب: شعر شعبي وموسيقى
4563,,literature: poetry: classical verse,أدب: شعر فصيح
4565,,literature: poetry: urjuza,أدب: شعر: أرجوزة
4567,,literature: customs & traditions,أدب: عادات وتقاليد
4568,,literature: prosody: rajaz,أدب: عروض: رجز
4572,,literature: eulogy: Bābah b. Aḥmad Baybah,أدب: مدح: بابه بن أحمد بيبه
4573,,literature: eulogy: Ibn Bu al-ʿArif,أدب: مدح: بن بولعراف
4578,,literature: social criticism,أدب: نقد اجتماعي
4580,,biography: Sidi Muhammad b. Sidiyya al-Kabir,تراجم: سيدي محمد بن الشيخ سيديا
4581,,music / Hasaniyya culture,موسيقى / أدب الحسانية
4582,,Sufism: supplication,تصوف: أدعية
4584,,genealogy / Sufism,أنساب/ تصوف
4585,,social matters: agreement,مجتمعية / أوفاق
4592,,biography: Muḥammad al-Māmī,تاريخ: الشيخ محمد المامي
4594,,history: Andalus,تاريخ: أندلس
4596,,history: Mauritania: tribes: Awlād Daymān,تاريخ: موريتانية: قبائل: أولاد ديمام
4598,,history: Arabs & Muslims,تاريخ: العرب والمسلمون
4604,,history: Mauritania: cemetaries,اريخ: موريتانية: مدافن
4605,,history: Mauritania: amirates of Trarza and Brakna,تاريخ: موريتانية: إمارتا اترارزه و لبراكنه
4607,,history: Mauritania: Tishit,تاريخ: موريتانية: تيشيت
4615,,history / jurisprudence,تاريخ/ فقه
4620,,biography: Amīr al-Muʾminīn ʿAlī b. Abī Ṭālib,تراجم: أمير المؤمنين علي بن أبي طالب
4621,,biography: Āʿmar al-Wālī al-Maḥjūbī,تراجم: اعمر الولي المحجوبي
4622,,biography: al-Hajj ʿUmar Tal,تراجم: الحاج عمر
4623,,biography: Shaykh Sidiyya Baba,تراجم: الشيخ سيدي باب
4626,,biography: Bāba b. Muḥammad al-Amīn,تراجم: بابه بن محمد الأمين
4629,,biography: Zayn b. Ajjmad,تراجم: زين بن أجمد
4630,,biography: collective: al-Yadali scholars,تراجم: جماعية: علماء: علماء اليداليين
4632,,biography: Muḥammad Yaḥyā b. Muḥammad al-Mukhtār [al-Dāwudī al-ʿAllūshī],تراجم: محمد يحي بن محمد المختار
4633,,biography: Shaykh Hārūn b. Muḥammad Sarbā,تراجم: هارون بن محمد سربا
4634,,biography: Aḥmad Dahāh al-ʿAlawī,تراجم: أحمد دهاه العلوي
4635,,biography: Aḥmad Abī al-Maʿālī,تراجم: الشيخ أحمد أبي المعالي
4637,,education: co-education,تربية: التعليم المختلط
4638,,education: Mauritanian maḥāẓir,تربية: محاظر موريتانية
4640,,education / history,تربية / تاريخ
4642,,Sufism / belief: theology,تصوف / وعقيدة: توحيد
4643,,Sufism / jurisprudence,تصوف / فقه
4645,,Sufism: secrets,تصوف: أسرار
4648,,Sufism: hagiography: Shaykh ʿAbd Allāh,تصوف: ترجمة
4651,,Sufism: prayer,تصوف: صلاة علي النبي
4652,,Sufism: Prayer to the Prophet,تصوف: صلاة علي النبي
4654,,Sufism: orders: Shādhiliyya: silsila,تصوف: طرق: لشاذلية: سلسلة
4655,,Sufism: orders: Fadiliyya,تصوف: طرق: فاضلية
4657,,Sufism: hagiography: ash-Shaykh ʿAbd al-Qadir,تصوف: مناقب: الشيخ عبد القادر
4660,,Sufism / biography,تصوف/ تراجم
4661,,Sufism / hadith,تصوف/ حديث
4664,,Sufism / Prophet Muhammad,تصوف / سيرة نبوية
4666,,Sufism / belief,تصوف / عقيدة
4668,,politics: settlement,سياسة: مصالحة
4669,,geography / jurisprudence: direction of the Kaʿba,جغرفيا /  فقه: جهة الكعبة
4670,,hadith: ijaza,حديث : إجازة
4671,,hadith: al-Bukhari and Muslim,حديث: البخاري ومسلم
4675,,hadith / history,حديث/ تاريخ
4681,,politics: settlement: Awlad Abyayrī,سياسة: مصالحة: أولاد ابييري
4682,,politics: settlement: Ḥurma b. Muḥammad Mukhtār,سياسة: مصالحة: حرمة بن محمد مختار
4683,,politics: settlement: Awlad Khajil,سياسة: مصالحة: أولاد خاجيل
4684,,politics / Arabic language,سياسة /  لغة عربية
4685,,politics / Sufism,سياسة / تصوف
4690,,Prophet Muhammad: names and attributes,سيرة نبوية: أسماء
4693,,Prophet Muhammad: campaigns and genealogy,سيرة نبوية: غزوات وأنساب
4698,,Prophet Muhammad: campaigns and delegations,سيرة نبوية: غزوات و وفود
4705,,Prophet Muhammad / jurisprudence,سيرة نبوية / فقه
4706,,Prophet Muhammad / Sufism,سيرة نبوية / تصوف
4709,,medicine: protection,طب: وقاية صحية
4711,,jurisprudence: duties: prayer: & eclipse,عبادات: صلاة: كسوف
4721,,belief: apostacy,عقيدة: ردة
4722,,belief: Salafiyya,عقيدة: سلفية
4724,,hadith: selections: Hour of Resurection,حديث: مختارات: أشراط الساعة
4725,,belief / ethics / Arabic language: grammar,عقيدة / أخلاق / نحو
4729,,belief / Sufism / Arabic language,عقيدة / تصوف / لغة عربية
4732,,belief / devotions,عقيدة / عبادات
4736,,science: botany,علوم: نباتات
4752,,jurisprudence: adjudication: prayer,فقه: قضاء: الصلاة
4761,,jurisprudence: adjudication: funeral processions,فقه: قضاء: جنائز
4767,,jurisprudence: homicide,فقه: ألغاز
4773,,jurisprudence: relations with unbelievers,فقه: التعامل مع الكفار
4776,,jurisprudence: lawful & unlawful: games,فقه: الحلال والحرام: الألعاب
4777,,jurisprudence: lawful & unlawful: blood money,فقه: الحلال والحرام: الدية
4779,,jurisprudence: lawful & unlawful: elections,فقه: الحلال والحرام: حكم الانتخابات
4781,,jurisprudence: lawful & unlawful: killing of Muslims,فقه: الحلال والحرام: ذبائح المسلمين
4785,,jurisprudence: duties: prayer (under colonial occup.),فقه: العلاقة مع المستعمر
4794,,jurisprudence: problems: succession,قه: مسائل: تبغ
4796,,jurisprudence: cemeteries,فقه: تربة
4800,,jurisprudence: adjudication: refutation,فقه: قضاء:  جدل
4801,,jurisprudence: duties: jihad (and French colonialism),فقه: عبادات: جهاد (المستعمر الفرنسي)
4806,,jurisprudence: adjudication: sacrifice,فقه: قضاء: الأضحية
4808,,jurisprudence: adjudication warfare,فقه: قضاء: الحرب
4809,,jurisprudence: adjudication: music,فقه: قضاء: الموسيقى
4810,,jurisprudence: adjudication: food,فقه: قضاء: بعض الأطعمة
4818,,jurisprudence: duties: zakat (livestock),فقه: عبادات: زكاة
4828,,jurisprudence: duties: prayer / hajj,فقه: عبادات: صلاة / حج
4829,,jurisprudence: duties: hospitality,فقه: عبادات: ضيافة
4844,,jurisprudence: duties: ritual purity / prayer / supplications,فقه: عبادات: طهارة / صلاة / أدعية
4849,,jurisprudence: adjudication: legal opinions: apostasy,فقه: قضاء: فتاوي: الردة
4851,,jurisprudence: adjudication: diverse,فقه: قضاء:: متعدد
4852,,jurisprudence: adjudication: drummng,فقه: قضاء: الطبل
4853,,jurisprudence: adjudication: proof of kinship,فقه: قضاء: ثبوت النسب
4854,,jurisprudence: adjudication: homicide,فقه: قضاء: دماء
4857,,jurisprudence: adjudication: ownership of palm trees,فقه: قضاء: ملكية نخيل
4859,,Jurisprudence: foundations,فقه: قواعد
4861,,jurisprudence: children,فقه: كافل
4869,,jurisprudence: transactions: sales: revocation,قه: معاملات: بيوع: إقالة
4870,,jurisprudence: transactions: trade relations with French,فقه: معاملات: التعامل الاستعمار الفرنسي
4871,,jurisprudence: transactions: with other Muslims,فقه: معاملات: العلاقات مع غير المسلمين
4872,,jurisprudence: transactions: conduct,فقه: معاملات: تأمين
4877,,jurisprudence: transactions: commercial entrerprise,فقه: معاملات: شركة
4878,,jurisprudence: polemics,فقه: مناظرة
4879,,jurisprudence: marriage: bride price,فقه: نكاح: المهر
4881,,jurisprudence: marriage: dowry,فقه: نكاح: صداق
4883,,jurisprudence: adjudication: legal opinions: colonialism,فقه: قضاء: فتاوي: إستعمار
4884,,jurisprudence: adjudication: property,فقه: قضاء: تمليكات
4887,,jurisprudence: slave girls,فقه: إيما
4889,,jurisprudence: travel,فقه: السفر
4891,,jurisprudence: foster relationships,فقه:رضاع
4892,,jurisprudence: transactions: manumission,فقه: معاملات: عتق
4896,,jurisprudence / history / custom,فقه / تاريخ / عادات
4898,,jurisprudence / belief: theology / hadith,فقه/ عقيدة: توحيد/ حديث
4900,,jurisprudence / hadith / Sufism / Arabic language,فقه / حديث / تصوف / لغة عربية
4902,,jurisprudence / Prophet Muhammad / belief,فقه /  سيرة نبوية /  عقيدة
4914,,jurisprudence / license,فقه / إجازة
4917,,jurisprudence / biography,فقه / تراجم
4920,,jurisprudence / Sufism / belief,فقه / تصوف / عقيدة
4926,,jurisprudence / Arabic language / literature,فقه / لغة عربية / أدب
4927,,jurisprudence / Arabic language / Prophet: biography,فقه / لغة عربية / سيرة
4928,,literature: reflections on Islam,أدب: فكر إسلامي
4930,,science: astronomy / belief,علوم: فلك/ عقيدة
4931,,science: astronomy / jurisprudence,علوم: فلك / فقه
4940,,Qurʾān: lending,قرآن:  تغيير
4942,,Qurʾān: ijaza (certificate),قرآن: إجازات
4945,,Qurʾān: recitation and orthography,قرآن: تجويد وإملاء
4946,,Qurʾān: recitation / exegesis,قرآن: تجويد / تفسير
4953,,Qurʾān: lexicon,قرآن: معجم
4956,,Qurʾān / education,قرآن / تربية
4959,,Qurʾān / biography,قرآن / تراجم
4963,,Qurʾān / belief,قرآن / عقيدة
4966,,Qurʾān / Arabic language,قرآن / لغة عربية
4967,,literature: prosody: Hassaniyya,أدب: عروض: حسانية
4968,,Arabic language: Hassaniyya: grammar,لغة عربية: لغة حسانية: نحو
4971,,Arabic language: Hassaniyya,لغة عربية: لغة حسانية
4972,,Arabic language: rhetoric / Prophet Muhammad,لغة عربية: بلاغة / سيرة النبي
4973,,Arabic language: rhetoric / logic,لغة عربية: بلاغة / منطق
4980,,biography: collective: grammarians,تراجم: جماعية: نحاة
4985,,Arabic language / history,لغة عربية /  تاريخ
4986,,Arabic language / Qurʾān / Prophet Muhammad,لغة عربية /  قرآن / سيرة نبوية
4991,,Arabic Language: ʿajami: Sanhaja,لغة عربية: معجم: لغة صنهاجية
4992,,Arabic language / history: genealogy,لغة عربية / تاريخ: أنساب
4994,,diverse: contemporary problems,متفرقات: مسائل معاصرة
5000,,Sufism: hagiography: Shaykh Māʾ al-ʿAynayn,تصوف: مناقب: الشيخ ماء العينين
5001,,logic / jurisprudence,منطق  / فقه
5002,,"encyclopedia: hadith, grammar, rhetoric, logic",موسوعة: مصطلح الحديث والنحو والبيان والمنطق
5003,,Qurʾan: selections: sura Quraish (Koreish),قرآن: مختارات: سورة قريش
5004,,Qurʾan: selections: sura al-Rahman,قرآن: مختارات: سورة الرحمن
5005,,Qurʾan: selections: sura al-Matafifin,قرآن: مختارات: سورة المطففين
5006,,Qurʾan: selections: sura al-Kahf,قرآن: مختارات: سورة الكهف
5007,,Qurʾan: selections: sura al-Jinn,قرآن: مختارات: سورة الجن
5008,,Qurʾan: selections: sura al-Qārʿa,قرآن: مختارات: سورة القارعة
5009,,Qurʾan: selections: sura al-Masad,قرآن: مختارات: سورة المسد
5010,,economy: trade: books,إقتصاد: تجارة: الكتب
5011,,jurisprudence: duties: purification: circumcision (male),فقه: عبادات: طهارة: ختان
5012,,politics: instructions,سياسة: أوامر
5013,,politics: instructions,سياسة: أوامر
5014,,economy: bequest,إقتصاد: تركة
5015,,devotional: invocation: basmala,تحنث: أدعية: بسملة
5016,,esoteric sciences: names of demons,باطنيات: أسماء الجن
5017,,economy: pawning/pledging,إقتصاد: رهن
5018,,social matters: thanks,مجتمعية: شكر
5019,,devotional: intercession: saints,تحنث: توسل: الأولياء
5020,,economy: gift,إقتصاد: الهبة
5021,,esoteric sciences: fawā ʾid,باطنيات: فوائد
5022,,social matters: grievance,مجتمعية: شكوى
5023,,social matters: trusteeship,مجتمعية: وصايا
5024,,economy: tribute,إقتصاد: جزية
5025,,belief: theology: day of resurection,عقيدة: توحيد: يوم القيامة
5026,,economy: trade: gunpowder,إقتصاد: تجارة: الملح
5027,,economy: trade: cattle,إقتصاد: تجارة: الأبقار
5029,,social matters: request for assistance,مجتمعية: طلب المساعدة
5030,,social matters: the destitute,مجتمعية: عائلية
5031,,social matters: assistance,مجتمعية: معاونة
5033,,economy: theft,إقتصاد: سرقة
5034,,Qurʾan: selections: sura ʿAmm,قرآن: مختارات: سورة عم
5035,,Qurʾan: selections: sura Ṣad,قرآن: مختارات: سورة ص
5036,,Qurʾan: selections: sura al-Baqara,قرآن: مختارات: سورة البقرة
5037,,Qurʾan: selections: sura al-Ḥāqa,قرآن: مختارات: سورة الحاقة
5038,,Qurʾan: selections: sura al-Malik,قرآن: مختارات: سورة الملك
5039,,Qurʾan: selections: sura Ṭah,قرآن: مختارات: سورة طه
5040,,social matters: notification of a death,مجتمعية: إعلان وفاة
5041,,borrowing,استعارة
5042,,document,وثائق
5043,,lending,إعارة
5044,,proclaimation,اعلان
5045,,loyality,أمانة
5046,,disavowal,انكار
5047,,review,التفقد
5048,,preparation,تهئة
5049,,delay,رجاء
5050,,virtues,مناقب
5051,,esoteric sciences: beneficial,باطنيات: منافع
5052,,ornamentation,زخارف
5053,,literature: pre-Islamic poetry: Shanfarā,أدب: جاهلي: شننفري
5054,,jurisprudence: schools: Maliki,فقه: مذحاب: مالكي
5055,,jurisprudence: manual: Mālikī,فقه :فروع الفقه: مالكي
5056,,belief: theology / jurisprudence: duties,عقيدة: توحيد / فقه: عبادات
5057,,Qurʾan: sciences of: revelation,قرآن: علوم القرآن: أسباب النزول
5058,,Qurʾan: exegesis: the Opening: hidden meanings,قرآن: تفسير: الفاتحة: أسرار
5059,,marriage and divorce,النكاح والطلاق
5060,,proxy,وكالة
5061,,jurisprudence: wages,فقه: أجر